season,week,awayTeam,homeTeam,awayPoints,homePoints,Winner,game_date,day_of_week_name,Month
2000.0,,Arsenal,Sunderland,0.0,1.0,Sunderland,2000-08-19,Saturday,
2000.0,,Liverpool,Arsenal,0.0,2.0,Arsenal,2000-08-21,Monday,
2000.0,,Charlton,Arsenal,3.0,5.0,Arsenal,2000-08-26,Saturday,
2000.0,,Arsenal,Chelsea,2.0,2.0,Draw,2000-09-06,Wednesday,
2000.0,,Arsenal,Bradford,1.0,1.0,Draw,2000-09-09,Saturday,
2000.0,,Coventry,Arsenal,1.0,2.0,Arsenal,2000-09-16,Saturday,
2000.0,,Arsenal,Ipswich,1.0,1.0,Draw,2000-09-23,Saturday,
2000.0,,Man United,Arsenal,0.0,1.0,Arsenal,2000-10-01,Sunday,
2000.0,,Aston Villa,Arsenal,0.0,1.0,Arsenal,2000-10-14,Saturday,
2000.0,,Arsenal,West Ham,2.0,1.0,Arsenal,2000-10-21,Saturday,
2000.0,,Man City,Arsenal,0.0,5.0,Arsenal,2000-10-28,Saturday,
2000.0,,Arsenal,Middlesbrough,1.0,0.0,Arsenal,2000-11-04,Saturday,
2000.0,,Derby,Arsenal,0.0,0.0,Draw,2000-11-11,Saturday,
2000.0,,Arsenal,Everton,0.0,2.0,Everton,2000-11-18,Saturday,
2000.0,,Arsenal,Leeds,0.0,1.0,Leeds,2000-11-26,Sunday,
2000.0,,Southampton,Arsenal,0.0,1.0,Arsenal,2000-12-02,Saturday,
2000.0,,Newcastle,Arsenal,0.0,5.0,Arsenal,2000-12-09,Saturday,
2000.0,,Arsenal,Tottenham,1.0,1.0,Draw,2000-12-18,Monday,
2000.0,,Arsenal,Liverpool,0.0,4.0,Liverpool,2000-12-23,Saturday,
2000.0,,Leicester,Arsenal,1.0,6.0,Arsenal,2000-12-26,Tuesday,
2000.0,,Sunderland,Arsenal,2.0,2.0,Draw,2000-12-30,Saturday,
2000.0,,Arsenal,Charlton,0.0,1.0,Charlton,2001-01-01,Monday,
2000.0,,Chelsea,Arsenal,1.0,1.0,Draw,2001-01-13,Saturday,
2000.0,,Arsenal,Leicester,0.0,0.0,Draw,2001-01-20,Saturday,
2000.0,,Bradford,Arsenal,0.0,2.0,Arsenal,2001-01-30,Tuesday,
2000.0,,Arsenal,Coventry,1.0,0.0,Arsenal,2001-02-03,Saturday,
2000.0,,Ipswich,Arsenal,0.0,1.0,Arsenal,2001-02-10,Saturday,
2000.0,,Arsenal,Man United,1.0,6.0,Man United,2001-02-25,Sunday,
2000.0,,West Ham,Arsenal,0.0,3.0,Arsenal,2001-03-03,Saturday,
2000.0,,Arsenal,Aston Villa,0.0,0.0,Draw,2001-03-18,Sunday,
2000.0,,Tottenham,Arsenal,0.0,2.0,Arsenal,2001-03-31,Saturday,
2000.0,,Arsenal,Man City,4.0,0.0,Arsenal,2001-04-11,Wednesday,
2000.0,,Middlesbrough,Arsenal,3.0,0.0,Middlesbrough,2001-04-14,Saturday,
2000.0,,Everton,Arsenal,1.0,4.0,Arsenal,2001-04-21,Saturday,
2000.0,,Arsenal,Derby,2.0,1.0,Arsenal,2001-04-28,Saturday,
2000.0,,Leeds,Arsenal,1.0,2.0,Arsenal,2001-05-05,Saturday,
2000.0,,Arsenal,Newcastle,0.0,0.0,Draw,2001-05-15,Tuesday,
2000.0,,Arsenal,Southampton,2.0,3.0,Southampton,2001-05-19,Saturday,
2001.0,,Arsenal,Middlesbrough,4.0,0.0,Arsenal,2001-08-18,Saturday,
2001.0,,Leeds,Arsenal,2.0,1.0,Leeds,2001-08-21,Tuesday,
2001.0,,Leicester,Arsenal,0.0,4.0,Arsenal,2001-08-25,Saturday,
2001.0,,Arsenal,Chelsea,1.0,1.0,Draw,2001-09-08,Saturday,
2001.0,,Arsenal,Fulham,3.0,1.0,Arsenal,2001-09-15,Saturday,
2001.0,,Bolton,Arsenal,1.0,1.0,Draw,2001-09-22,Saturday,
2001.0,,Arsenal,Derby,2.0,0.0,Arsenal,2001-09-29,Saturday,
2001.0,,Arsenal,Southampton,2.0,0.0,Arsenal,2001-10-13,Saturday,
2001.0,,Blackburn,Arsenal,3.0,3.0,Draw,2001-10-20,Saturday,
2001.0,,Arsenal,Sunderland,1.0,1.0,Draw,2001-10-27,Saturday,
2001.0,,Charlton,Arsenal,4.0,2.0,Charlton,2001-11-04,Sunday,
2001.0,,Arsenal,Tottenham,1.0,1.0,Draw,2001-11-17,Saturday,
2001.0,,Man United,Arsenal,1.0,3.0,Arsenal,2001-11-25,Sunday,
2001.0,,Arsenal,Ipswich,2.0,0.0,Arsenal,2001-12-01,Saturday,
2001.0,,Aston Villa,Arsenal,2.0,3.0,Arsenal,2001-12-09,Sunday,
2001.0,,Arsenal,West Ham,1.0,1.0,Draw,2001-12-15,Saturday,
2001.0,,Newcastle,Arsenal,3.0,1.0,Newcastle,2001-12-18,Tuesday,
2001.0,,Arsenal,Liverpool,2.0,1.0,Arsenal,2001-12-23,Sunday,
2001.0,,Chelsea,Arsenal,1.0,2.0,Arsenal,2001-12-26,Wednesday,
2001.0,,Middlesbrough,Arsenal,1.0,2.0,Arsenal,2001-12-29,Saturday,
2001.0,,Liverpool,Arsenal,1.0,1.0,Draw,2002-01-13,Sunday,
2001.0,,Arsenal,Leeds,1.0,1.0,Draw,2002-01-20,Sunday,
2001.0,,Arsenal,Leicester,3.0,1.0,Arsenal,2002-01-23,Wednesday,
2001.0,,Arsenal,Blackburn,3.0,2.0,Arsenal,2002-01-30,Wednesday,
2001.0,,Southampton,Arsenal,1.0,1.0,Draw,2002-02-02,Saturday,
2001.0,,Arsenal,Everton,1.0,0.0,Arsenal,2002-02-10,Sunday,
2001.0,,Fulham,Arsenal,1.0,4.0,Arsenal,2002-02-23,Saturday,
2001.0,,Arsenal,Newcastle,2.0,0.0,Arsenal,2002-03-02,Saturday,
2001.0,,Derby,Arsenal,0.0,1.0,Arsenal,2002-03-05,Tuesday,
2001.0,,Arsenal,Aston Villa,2.0,1.0,Arsenal,2002-03-17,Sunday,
2001.0,,Sunderland,Arsenal,0.0,3.0,Arsenal,2002-03-30,Saturday,
2001.0,,Arsenal,Charlton,3.0,0.0,Arsenal,2002-04-01,Monday,
2001.0,,Tottenham,Arsenal,1.0,2.0,Arsenal,2002-04-06,Saturday,
2001.0,,Ipswich,Arsenal,0.0,2.0,Arsenal,2002-04-21,Sunday,
2001.0,,West Ham,Arsenal,0.0,2.0,Arsenal,2002-04-24,Wednesday,
2001.0,,Arsenal,Bolton,2.0,0.0,Arsenal,2002-04-29,Monday,
2001.0,,Arsenal,Man United,1.0,0.0,Arsenal,2002-05-08,Wednesday,
2001.0,,Everton,Arsenal,3.0,4.0,Arsenal,2002-05-11,Saturday,
2002.0,,Birmingham,Arsenal,0.0,2.0,Arsenal,2002-08-18,Sunday,
2002.0,,Arsenal,West Ham,2.0,2.0,Draw,2002-08-24,Saturday,
2002.0,,West Brom,Arsenal,2.0,5.0,Arsenal,2002-08-27,Tuesday,
2002.0,,Arsenal,Chelsea,1.0,1.0,Draw,2002-09-01,Sunday,
2002.0,,Man City,Arsenal,1.0,2.0,Arsenal,2002-09-10,Tuesday,
2002.0,,Arsenal,Charlton,3.0,0.0,Arsenal,2002-09-14,Saturday,
2002.0,,Bolton,Arsenal,1.0,2.0,Arsenal,2002-09-21,Saturday,
2002.0,,Arsenal,Leeds,4.0,1.0,Arsenal,2002-09-28,Saturday,
2002.0,,Sunderland,Arsenal,1.0,3.0,Arsenal,2002-10-06,Sunday,
2002.0,,Arsenal,Everton,1.0,2.0,Everton,2002-10-19,Saturday,
2002.0,,Blackburn,Arsenal,2.0,1.0,Blackburn,2002-10-26,Saturday,
2002.0,,Arsenal,Fulham,1.0,0.0,Arsenal,2002-11-03,Sunday,
2002.0,,Newcastle,Arsenal,0.0,1.0,Arsenal,2002-11-09,Saturday,
2002.0,,Tottenham,Arsenal,0.0,3.0,Arsenal,2002-11-16,Saturday,
2002.0,,Arsenal,Southampton,2.0,3.0,Southampton,2002-11-23,Saturday,
2002.0,,Aston Villa,Arsenal,1.0,3.0,Arsenal,2002-11-30,Saturday,
2002.0,,Arsenal,Man United,0.0,2.0,Man United,2002-12-07,Saturday,
2002.0,,Arsenal,Tottenham,1.0,1.0,Draw,2002-12-15,Sunday,
2002.0,,Middlesbrough,Arsenal,0.0,2.0,Arsenal,2002-12-21,Saturday,
2002.0,,Arsenal,West Brom,2.0,1.0,Arsenal,2002-12-26,Thursday,
2002.0,,Liverpool,Arsenal,1.0,1.0,Draw,2002-12-29,Sunday,
2002.0,,Chelsea,Arsenal,2.0,3.0,Arsenal,2003-01-01,Wednesday,
2002.0,,Arsenal,Birmingham,4.0,0.0,Arsenal,2003-01-12,Sunday,
2002.0,,West Ham,Arsenal,1.0,3.0,Arsenal,2003-01-19,Sunday,
2002.0,,Arsenal,Liverpool,2.0,2.0,Draw,2003-01-29,Wednesday,
2002.0,,Fulham,Arsenal,1.0,2.0,Arsenal,2003-02-01,Saturday,
2002.0,,Arsenal,Newcastle,1.0,1.0,Draw,2003-02-09,Sunday,
2002.0,,Arsenal,Man City,5.0,1.0,Arsenal,2003-02-22,Saturday,
2002.0,,Charlton,Arsenal,0.0,2.0,Arsenal,2003-03-02,Sunday,
2002.0,,Arsenal,Blackburn,0.0,2.0,Blackburn,2003-03-15,Saturday,
2002.0,,Everton,Arsenal,1.0,2.0,Arsenal,2003-03-23,Sunday,
2002.0,,Arsenal,Aston Villa,1.0,1.0,Draw,2003-04-05,Saturday,
2002.0,,Man United,Arsenal,2.0,2.0,Draw,2003-04-16,Wednesday,
2002.0,,Arsenal,Middlesbrough,2.0,0.0,Arsenal,2003-04-19,Saturday,
2002.0,,Arsenal,Bolton,2.0,2.0,Draw,2003-04-26,Saturday,
2002.0,,Leeds,Arsenal,3.0,2.0,Leeds,2003-05-04,Sunday,
2002.0,,Southampton,Arsenal,1.0,6.0,Arsenal,2003-05-07,Wednesday,
2002.0,,Arsenal,Sunderland,4.0,0.0,Arsenal,2003-05-11,Sunday,
2003.0,,Everton,Arsenal,1.0,2.0,Arsenal,2003-08-16,Saturday,
2003.0,,Arsenal,Middlesbrough,4.0,0.0,Arsenal,2003-08-24,Sunday,
2003.0,,Aston Villa,Arsenal,0.0,2.0,Arsenal,2003-08-27,Wednesday,
2003.0,,Arsenal,Man City,2.0,1.0,Arsenal,2003-08-31,Sunday,
2003.0,,Portsmouth,Arsenal,1.0,1.0,Draw,2003-09-13,Saturday,
2003.0,,Arsenal,Man United,0.0,0.0,Draw,2003-09-21,Sunday,
2003.0,,Newcastle,Arsenal,2.0,3.0,Arsenal,2003-09-26,Friday,
2003.0,,Arsenal,Liverpool,2.0,1.0,Arsenal,2003-10-04,Saturday,
2003.0,,Chelsea,Arsenal,1.0,2.0,Arsenal,2003-10-18,Saturday,
2003.0,,Arsenal,Charlton,1.0,1.0,Draw,2003-10-26,Sunday,
2003.0,,Arsenal,Leeds,4.0,1.0,Arsenal,2003-11-01,Saturday,
2003.0,,Tottenham,Arsenal,1.0,2.0,Arsenal,2003-11-08,Saturday,
2003.0,,Arsenal,Birmingham,3.0,0.0,Arsenal,2003-11-22,Saturday,
2003.0,,Fulham,Arsenal,0.0,0.0,Draw,2003-11-30,Sunday,
2003.0,,Arsenal,Leicester,1.0,1.0,Draw,2003-12-06,Saturday,
2003.0,,Blackburn,Arsenal,0.0,1.0,Arsenal,2003-12-14,Sunday,
2003.0,,Arsenal,Bolton,1.0,1.0,Draw,2003-12-20,Saturday,
2003.0,,Wolves,Arsenal,0.0,3.0,Arsenal,2003-12-26,Friday,
2003.0,,Arsenal,Southampton,1.0,0.0,Arsenal,2003-12-29,Monday,
2003.0,,Arsenal,Everton,1.0,1.0,Draw,2004-01-07,Wednesday,
2003.0,,Middlesbrough,Arsenal,1.0,4.0,Arsenal,2004-01-10,Saturday,
2003.0,,Arsenal,Aston Villa,2.0,0.0,Arsenal,2004-01-18,Sunday,
2003.0,,Man City,Arsenal,1.0,2.0,Arsenal,2004-02-01,Sunday,
2003.0,,Arsenal,Wolves,3.0,1.0,Arsenal,2004-02-07,Saturday,
2003.0,,Southampton,Arsenal,0.0,2.0,Arsenal,2004-02-10,Tuesday,
2003.0,,Arsenal,Chelsea,2.0,1.0,Arsenal,2004-02-21,Saturday,
2003.0,,Charlton,Arsenal,1.0,2.0,Arsenal,2004-02-28,Saturday,
2003.0,,Arsenal,Blackburn,2.0,0.0,Arsenal,2004-03-13,Saturday,
2003.0,,Bolton,Arsenal,1.0,2.0,Arsenal,2004-03-20,Saturday,
2003.0,,Man United,Arsenal,1.0,1.0,Draw,2004-03-28,Sunday,
2003.0,,Arsenal,Tottenham,2.0,2.0,Draw,2004-04-25,Sunday,
2003.0,,Birmingham,Arsenal,0.0,0.0,Draw,2004-05-01,Saturday,
2003.0,,Arsenal,Portsmouth,1.0,1.0,Draw,2004-05-04,Tuesday,
2004.0,,Arsenal,Everton,4.0,1.0,Arsenal,2004-08-15,Sunday,
2004.0,,Middlesbrough,Arsenal,3.0,5.0,Arsenal,2004-08-22,Sunday,
2004.0,,Blackburn,Arsenal,0.0,3.0,Arsenal,2004-08-25,Wednesday,
2004.0,,Arsenal,Norwich,4.0,1.0,Arsenal,2004-08-28,Saturday,
2004.0,,Arsenal,Fulham,3.0,0.0,Arsenal,2004-09-11,Saturday,
2004.0,,Bolton,Arsenal,2.0,2.0,Draw,2004-09-18,Saturday,
2004.0,,Arsenal,Man City,1.0,0.0,Arsenal,2004-09-25,Saturday,
2004.0,,Charlton,Arsenal,0.0,4.0,Arsenal,2004-10-02,Saturday,
2004.0,,Aston Villa,Arsenal,1.0,3.0,Arsenal,2004-10-16,Saturday,
2004.0,,Arsenal,Man United,0.0,2.0,Man United,2004-10-24,Sunday,
2004.0,,Southampton,Arsenal,2.0,2.0,Draw,2004-10-30,Saturday,
2004.0,,Arsenal,Crystal Palace,1.0,1.0,Draw,2004-11-06,Saturday,
2004.0,,Arsenal,Tottenham,5.0,4.0,Arsenal,2004-11-13,Saturday,
2004.0,,West Brom,Arsenal,1.0,1.0,Draw,2004-11-20,Saturday,
2004.0,,Arsenal,Liverpool,1.0,2.0,Liverpool,2004-11-28,Sunday,
2004.0,,Birmingham,Arsenal,0.0,3.0,Arsenal,2004-12-04,Saturday,
2004.0,,Chelsea,Arsenal,2.0,2.0,Draw,2004-12-12,Sunday,
2004.0,,Arsenal,Portsmouth,1.0,0.0,Arsenal,2004-12-19,Sunday,
2004.0,,Fulham,Arsenal,0.0,2.0,Arsenal,2004-12-26,Sunday,
2004.0,,Arsenal,Newcastle,1.0,0.0,Arsenal,2004-12-29,Wednesday,
2004.0,,Arsenal,Charlton,3.0,1.0,Arsenal,2005-01-01,Saturday,
2004.0,,Man City,Arsenal,1.0,1.0,Draw,2005-01-04,Tuesday,
2004.0,,Arsenal,Bolton,0.0,1.0,Bolton,2005-01-15,Saturday,
2004.0,,Newcastle,Arsenal,0.0,1.0,Arsenal,2005-01-23,Sunday,
2004.0,,Man United,Arsenal,4.0,2.0,Man United,2005-02-01,Tuesday,
2004.0,,Arsenal,Aston Villa,3.0,1.0,Arsenal,2005-02-05,Saturday,
2004.0,,Crystal Palace,Arsenal,1.0,5.0,Arsenal,2005-02-14,Monday,
2004.0,,Arsenal,Southampton,1.0,1.0,Draw,2005-02-26,Saturday,
2004.0,,Portsmouth,Arsenal,0.0,3.0,Arsenal,2005-03-05,Saturday,
2004.0,,Arsenal,Blackburn,1.0,0.0,Arsenal,2005-03-19,Saturday,
2004.0,,Norwich,Arsenal,1.0,4.0,Arsenal,2005-04-02,Saturday,
2004.0,,Arsenal,Middlesbrough,1.0,0.0,Arsenal,2005-04-09,Saturday,
2004.0,,Arsenal,Chelsea,0.0,0.0,Draw,2005-04-20,Wednesday,
2005.0,,Newcastle,Arsenal,0.0,2.0,Arsenal,2005-08-14,Sunday,
2005.0,,Arsenal,Chelsea,0.0,1.0,Chelsea,2005-08-21,Sunday,
2005.0,,Fulham,Arsenal,1.0,4.0,Arsenal,2005-08-24,Wednesday,
2005.0,,Arsenal,Middlesbrough,1.0,2.0,Middlesbrough,2005-09-10,Saturday,
2005.0,,Everton,Arsenal,0.0,2.0,Arsenal,2005-09-19,Monday,
2005.0,,Arsenal,West Ham,0.0,0.0,Draw,2005-09-24,Saturday,
2005.0,,Birmingham,Arsenal,0.0,1.0,Arsenal,2005-10-02,Sunday,
2005.0,,Arsenal,West Brom,1.0,2.0,West Brom,2005-10-15,Saturday,
2005.0,,Man City,Arsenal,0.0,1.0,Arsenal,2005-10-22,Saturday,
2005.0,,Arsenal,Tottenham,1.0,1.0,Draw,2005-10-29,Saturday,
2005.0,,Sunderland,Arsenal,1.0,3.0,Arsenal,2005-11-05,Saturday,
2005.0,,Arsenal,Wigan,3.0,2.0,Arsenal,2005-11-19,Saturday,
2005.0,,Blackburn,Arsenal,0.0,3.0,Arsenal,2005-11-26,Saturday,
2005.0,,Arsenal,Bolton,0.0,2.0,Bolton,2005-12-03,Saturday,
2005.0,,Arsenal,Newcastle,0.0,1.0,Newcastle,2005-12-10,Saturday,
2005.0,,Chelsea,Arsenal,2.0,0.0,Chelsea,2005-12-18,Sunday,
2005.0,,Arsenal,Charlton,1.0,0.0,Arsenal,2005-12-26,Monday,
2005.0,,Portsmouth,Arsenal,0.0,4.0,Arsenal,2005-12-28,Wednesday,
2005.0,,Arsenal,Aston Villa,0.0,0.0,Draw,2005-12-31,Saturday,
2005.0,,Man United,Arsenal,0.0,0.0,Draw,2006-01-03,Tuesday,
2005.0,,Middlesbrough,Arsenal,0.0,7.0,Arsenal,2006-01-14,Saturday,
2005.0,,Arsenal,Everton,0.0,1.0,Everton,2006-01-21,Saturday,
2005.0,,West Ham,Arsenal,3.0,2.0,West Ham,2006-02-01,Wednesday,
2005.0,,Arsenal,Birmingham,2.0,0.0,Arsenal,2006-02-04,Saturday,
2005.0,,Bolton,Arsenal,1.0,1.0,Draw,2006-02-11,Saturday,
2005.0,,Arsenal,Liverpool,0.0,1.0,Liverpool,2006-02-14,Tuesday,
2005.0,,Arsenal,Blackburn,0.0,1.0,Blackburn,2006-02-25,Saturday,
2005.0,,Arsenal,Fulham,4.0,0.0,Arsenal,2006-03-04,Saturday,
2005.0,,Liverpool,Arsenal,1.0,2.0,Arsenal,2006-03-12,Sunday,
2005.0,,Charlton,Arsenal,0.0,3.0,Arsenal,2006-03-18,Saturday,
2005.0,,Aston Villa,Arsenal,0.0,5.0,Arsenal,2006-04-01,Saturday,
2005.0,,Arsenal,Man United,0.0,2.0,Man United,2006-04-09,Sunday,
2005.0,,Arsenal,Portsmouth,1.0,1.0,Draw,2006-04-12,Wednesday,
2005.0,,West Brom,Arsenal,1.0,3.0,Arsenal,2006-04-15,Saturday,
2005.0,,Tottenham,Arsenal,1.0,1.0,Draw,2006-04-22,Saturday,
2005.0,,Arsenal,Sunderland,3.0,0.0,Arsenal,2006-05-01,Monday,
2005.0,,Arsenal,Man City,3.0,1.0,Arsenal,2006-05-04,Thursday,
2005.0,,Wigan,Arsenal,2.0,4.0,Arsenal,2006-05-07,Sunday,
2006.0,,Aston Villa,Arsenal,1.0,1.0,Draw,2006-08-19,Saturday,
2006.0,,Arsenal,Man City,0.0,1.0,Man City,2006-08-26,Saturday,
2006.0,,Middlesbrough,Arsenal,1.0,1.0,Draw,2006-09-09,Saturday,
2006.0,,Arsenal,Man United,1.0,0.0,Arsenal,2006-09-17,Sunday,
2006.0,,Sheffield United,Arsenal,0.0,3.0,Arsenal,2006-09-23,Saturday,
2006.0,,Arsenal,Charlton,2.0,1.0,Arsenal,2006-09-30,Saturday,
2006.0,,Watford,Arsenal,0.0,3.0,Arsenal,2006-10-14,Saturday,
2006.0,,Arsenal,Reading,4.0,0.0,Arsenal,2006-10-22,Sunday,
2006.0,,Everton,Arsenal,1.0,1.0,Draw,2006-10-28,Saturday,
2006.0,,Arsenal,West Ham,0.0,1.0,West Ham,2006-11-05,Sunday,
2006.0,,Liverpool,Arsenal,0.0,3.0,Arsenal,2006-11-12,Sunday,
2006.0,,Newcastle,Arsenal,1.0,1.0,Draw,2006-11-18,Saturday,
2006.0,,Arsenal,Bolton,1.0,3.0,Bolton,2006-11-25,Saturday,
2006.0,,Arsenal,Fulham,1.0,2.0,Fulham,2006-11-29,Wednesday,
2006.0,,Tottenham,Arsenal,0.0,3.0,Arsenal,2006-12-02,Saturday,
2006.0,,Arsenal,Chelsea,1.0,1.0,Draw,2006-12-10,Sunday,
2006.0,,Arsenal,Wigan,1.0,0.0,Arsenal,2006-12-13,Wednesday,
2006.0,,Portsmouth,Arsenal,2.0,2.0,Draw,2006-12-16,Saturday,
2006.0,,Blackburn,Arsenal,2.0,6.0,Arsenal,2006-12-23,Saturday,
2006.0,,Arsenal,Watford,2.0,1.0,Arsenal,2006-12-26,Tuesday,
2006.0,,Arsenal,Sheffield United,0.0,1.0,Sheffield United,2006-12-30,Saturday,
2006.0,,Charlton,Arsenal,0.0,4.0,Arsenal,2007-01-02,Tuesday,
2006.0,,Arsenal,Blackburn,2.0,0.0,Arsenal,2007-01-13,Saturday,
2006.0,,Man United,Arsenal,1.0,2.0,Arsenal,2007-01-21,Sunday,
2006.0,,Arsenal,Middlesbrough,1.0,1.0,Draw,2007-02-03,Saturday,
2006.0,,Wigan,Arsenal,1.0,2.0,Arsenal,2007-02-11,Sunday,
2006.0,,Reading,Arsenal,1.0,2.0,Arsenal,2007-03-03,Saturday,
2006.0,,Arsenal,Aston Villa,1.0,0.0,Arsenal,2007-03-14,Wednesday,
2006.0,,Arsenal,Everton,0.0,1.0,Everton,2007-03-18,Sunday,
2006.0,,Arsenal,Liverpool,1.0,4.0,Liverpool,2007-03-31,Saturday,
2006.0,,West Ham,Arsenal,1.0,0.0,West Ham,2007-04-07,Saturday,
2006.0,,Arsenal,Newcastle,0.0,0.0,Draw,2007-04-09,Monday,
2006.0,,Bolton,Arsenal,1.0,2.0,Arsenal,2007-04-14,Saturday,
2006.0,,Man City,Arsenal,1.0,3.0,Arsenal,2007-04-17,Tuesday,
2006.0,,Arsenal,Tottenham,2.0,2.0,Draw,2007-04-21,Saturday,
2006.0,,Fulham,Arsenal,1.0,3.0,Arsenal,2007-04-29,Sunday,
2006.0,,Chelsea,Arsenal,1.0,1.0,Draw,2007-05-06,Sunday,
2006.0,,Arsenal,Portsmouth,0.0,0.0,Draw,2007-05-13,Sunday,
2007.0,,Fulham,Arsenal,1.0,2.0,Arsenal,2007-08-12,Sunday,
2007.0,,Arsenal,Blackburn,1.0,1.0,Draw,2007-08-19,Sunday,
2007.0,,Man City,Arsenal,0.0,1.0,Arsenal,2007-08-25,Saturday,
2007.0,,Portsmouth,Arsenal,1.0,3.0,Arsenal,2007-09-02,Sunday,
2007.0,,Arsenal,Tottenham,3.0,1.0,Arsenal,2007-09-15,Saturday,
2007.0,,Derby,Arsenal,0.0,5.0,Arsenal,2007-09-22,Saturday,
2007.0,,Arsenal,West Ham,1.0,0.0,Arsenal,2007-09-29,Saturday,
2007.0,,Sunderland,Arsenal,2.0,3.0,Arsenal,2007-10-07,Sunday,
2007.0,,Bolton,Arsenal,0.0,2.0,Arsenal,2007-10-20,Saturday,
2007.0,,Arsenal,Liverpool,1.0,1.0,Draw,2007-10-28,Sunday,
2007.0,,Man United,Arsenal,2.0,2.0,Draw,2007-11-03,Saturday,
2007.0,,Arsenal,Reading,3.0,1.0,Arsenal,2007-11-12,Monday,
2007.0,,Wigan,Arsenal,0.0,2.0,Arsenal,2007-11-24,Saturday,
2007.0,,Arsenal,Aston Villa,2.0,1.0,Arsenal,2007-12-01,Saturday,
2007.0,,Arsenal,Newcastle,1.0,1.0,Draw,2007-12-05,Wednesday,
2007.0,,Arsenal,Middlesbrough,1.0,2.0,Middlesbrough,2007-12-09,Sunday,
2007.0,,Chelsea,Arsenal,0.0,1.0,Arsenal,2007-12-16,Sunday,
2007.0,,Tottenham,Arsenal,1.0,2.0,Arsenal,2007-12-22,Saturday,
2007.0,,Arsenal,Portsmouth,0.0,0.0,Draw,2007-12-26,Wednesday,
2007.0,,Arsenal,Everton,4.0,1.0,Arsenal,2007-12-29,Saturday,
2007.0,,West Ham,Arsenal,0.0,2.0,Arsenal,2008-01-01,Tuesday,
2007.0,,Birmingham,Arsenal,1.0,1.0,Draw,2008-01-12,Saturday,
2007.0,,Arsenal,Fulham,3.0,0.0,Arsenal,2008-01-19,Saturday,
2007.0,,Newcastle,Arsenal,0.0,3.0,Arsenal,2008-01-29,Tuesday,
2007.0,,Arsenal,Man City,3.0,1.0,Arsenal,2008-02-02,Saturday,
2007.0,,Blackburn,Arsenal,0.0,2.0,Arsenal,2008-02-11,Monday,
2007.0,,Arsenal,Birmingham,2.0,2.0,Draw,2008-02-23,Saturday,
2007.0,,Aston Villa,Arsenal,1.0,1.0,Draw,2008-03-01,Saturday,
2007.0,,Arsenal,Wigan,0.0,0.0,Draw,2008-03-09,Sunday,
2007.0,,Middlesbrough,Arsenal,1.0,1.0,Draw,2008-03-15,Saturday,
2007.0,,Arsenal,Chelsea,1.0,2.0,Chelsea,2008-03-23,Sunday,
2007.0,,Arsenal,Bolton,3.0,2.0,Arsenal,2008-03-29,Saturday,
2007.0,,Liverpool,Arsenal,1.0,1.0,Draw,2008-04-05,Saturday,
2007.0,,Arsenal,Man United,1.0,2.0,Man United,2008-04-13,Sunday,
2007.0,,Reading,Arsenal,0.0,2.0,Arsenal,2008-04-19,Saturday,
2007.0,,Arsenal,Derby,6.0,2.0,Arsenal,2008-04-28,Monday,
2007.0,,Everton,Arsenal,0.0,1.0,Arsenal,2008-05-04,Sunday,
2007.0,,Arsenal,Sunderland,1.0,0.0,Arsenal,2008-05-11,Sunday,
2008.0,,West Brom,Arsenal,0.0,1.0,Arsenal,2008-08-16,Saturday,
2008.0,,Arsenal,Fulham,0.0,1.0,Fulham,2008-08-23,Saturday,
2008.0,,Newcastle,Arsenal,0.0,3.0,Arsenal,2008-08-30,Saturday,
2008.0,,Arsenal,Blackburn,4.0,0.0,Arsenal,2008-09-13,Saturday,
2008.0,,Arsenal,Bolton,3.0,1.0,Arsenal,2008-09-20,Saturday,
2008.0,,Hull,Arsenal,2.0,1.0,Hull,2008-09-27,Saturday,
2008.0,,Arsenal,Sunderland,1.0,1.0,Draw,2008-10-04,Saturday,
2008.0,,Everton,Arsenal,1.0,3.0,Arsenal,2008-10-18,Saturday,
2008.0,,Arsenal,West Ham,2.0,0.0,Arsenal,2008-10-26,Sunday,
2008.0,,Tottenham,Arsenal,4.0,4.0,Draw,2008-10-29,Wednesday,
2008.0,,Arsenal,Stoke,1.0,2.0,Stoke,2008-11-01,Saturday,
2008.0,,Man United,Arsenal,1.0,2.0,Arsenal,2008-11-08,Saturday,
2008.0,,Aston Villa,Arsenal,2.0,0.0,Aston Villa,2008-11-15,Saturday,
2008.0,,Arsenal,Man City,0.0,3.0,Man City,2008-11-22,Saturday,
2008.0,,Arsenal,Chelsea,2.0,1.0,Arsenal,2008-11-30,Sunday,
2008.0,,Wigan,Arsenal,0.0,1.0,Arsenal,2008-12-06,Saturday,
2008.0,,Arsenal,Middlesbrough,1.0,1.0,Draw,2008-12-13,Saturday,
2008.0,,Liverpool,Arsenal,1.0,1.0,Draw,2008-12-21,Sunday,
2008.0,,Arsenal,Aston Villa,2.0,2.0,Draw,2008-12-26,Friday,
2008.0,,Portsmouth,Arsenal,0.0,1.0,Arsenal,2008-12-28,Sunday,
2008.0,,Bolton,Arsenal,0.0,1.0,Arsenal,2009-01-10,Saturday,
2008.0,,Arsenal,Hull,3.0,1.0,Arsenal,2009-01-17,Saturday,
2008.0,,Arsenal,Everton,1.0,1.0,Draw,2009-01-28,Wednesday,
2008.0,,West Ham,Arsenal,0.0,0.0,Draw,2009-01-31,Saturday,
2008.0,,Arsenal,Tottenham,0.0,0.0,Draw,2009-02-08,Sunday,
2008.0,,Sunderland,Arsenal,0.0,0.0,Draw,2009-02-21,Saturday,
2008.0,,Fulham,Arsenal,0.0,0.0,Draw,2009-02-28,Saturday,
2008.0,,Arsenal,West Brom,3.0,1.0,Arsenal,2009-03-03,Tuesday,
2008.0,,Blackburn,Arsenal,0.0,4.0,Arsenal,2009-03-14,Saturday,
2008.0,,Arsenal,Newcastle,3.0,1.0,Arsenal,2009-03-21,Saturday,
2008.0,,Man City,Arsenal,0.0,2.0,Arsenal,2009-04-04,Saturday,
2008.0,,Arsenal,Wigan,4.0,1.0,Arsenal,2009-04-11,Saturday,
2008.0,,Arsenal,Liverpool,4.0,4.0,Draw,2009-04-21,Tuesday,
2008.0,,Middlesbrough,Arsenal,0.0,2.0,Arsenal,2009-04-26,Sunday,
2008.0,,Arsenal,Portsmouth,3.0,0.0,Arsenal,2009-05-02,Saturday,
2008.0,,Chelsea,Arsenal,4.0,1.0,Chelsea,2009-05-10,Sunday,
2008.0,,Arsenal,Man United,0.0,0.0,Draw,2009-05-16,Saturday,
2008.0,,Stoke,Arsenal,1.0,4.0,Arsenal,2009-05-24,Sunday,
2009.0,,Arsenal,Everton,6.0,1.0,Arsenal,2009-08-15,Saturday,
2009.0,,Portsmouth,Arsenal,1.0,4.0,Arsenal,2009-08-22,Saturday,
2009.0,,Arsenal,Man United,1.0,2.0,Man United,2009-08-29,Saturday,
2009.0,,Arsenal,Man City,2.0,4.0,Man City,2009-09-12,Saturday,
2009.0,,Wigan,Arsenal,0.0,4.0,Arsenal,2009-09-19,Saturday,
2009.0,,Arsenal,Fulham,1.0,0.0,Arsenal,2009-09-26,Saturday,
2009.0,,Blackburn,Arsenal,2.0,6.0,Arsenal,2009-10-04,Sunday,
2009.0,,Birmingham,Arsenal,1.0,3.0,Arsenal,2009-10-17,Saturday,
2009.0,,Arsenal,West Ham,2.0,2.0,Draw,2009-10-25,Sunday,
2009.0,,Tottenham,Arsenal,0.0,3.0,Arsenal,2009-10-31,Saturday,
2009.0,,Arsenal,Wolves,4.0,1.0,Arsenal,2009-11-07,Saturday,
2009.0,,Arsenal,Sunderland,0.0,1.0,Sunderland,2009-11-21,Saturday,
2009.0,,Chelsea,Arsenal,3.0,0.0,Chelsea,2009-11-29,Sunday,
2009.0,,Stoke,Arsenal,0.0,2.0,Arsenal,2009-12-05,Saturday,
2009.0,,Arsenal,Liverpool,2.0,1.0,Arsenal,2009-12-13,Sunday,
2009.0,,Arsenal,Burnley,1.0,1.0,Draw,2009-12-16,Wednesday,
2009.0,,Hull,Arsenal,0.0,3.0,Arsenal,2009-12-19,Saturday,
2009.0,,Aston Villa,Arsenal,0.0,3.0,Arsenal,2009-12-27,Sunday,
2009.0,,Arsenal,Portsmouth,4.0,1.0,Arsenal,2009-12-30,Wednesday,
2009.0,,Everton,Arsenal,2.0,2.0,Draw,2010-01-09,Saturday,
2009.0,,Arsenal,Bolton,2.0,0.0,Arsenal,2010-01-17,Sunday,
2009.0,,Bolton,Arsenal,2.0,4.0,Arsenal,2010-01-20,Wednesday,
2009.0,,Arsenal,Aston Villa,0.0,0.0,Draw,2010-01-27,Wednesday,
2009.0,,Man United,Arsenal,3.0,1.0,Man United,2010-01-31,Sunday,
2009.0,,Arsenal,Chelsea,0.0,2.0,Chelsea,2010-02-07,Sunday,
2009.0,,Liverpool,Arsenal,0.0,1.0,Arsenal,2010-02-10,Wednesday,
2009.0,,Sunderland,Arsenal,0.0,2.0,Arsenal,2010-02-20,Saturday,
2009.0,,Arsenal,Stoke,3.0,1.0,Arsenal,2010-02-27,Saturday,
2009.0,,Burnley,Arsenal,1.0,3.0,Arsenal,2010-03-06,Saturday,
2009.0,,Arsenal,Hull,2.0,1.0,Arsenal,2010-03-13,Saturday,
2009.0,,West Ham,Arsenal,0.0,2.0,Arsenal,2010-03-20,Saturday,
2009.0,,Arsenal,Birmingham,1.0,1.0,Draw,2010-03-27,Saturday,
2009.0,,Wolves,Arsenal,0.0,1.0,Arsenal,2010-04-03,Saturday,
2009.0,,Arsenal,Tottenham,1.0,2.0,Tottenham,2010-04-14,Wednesday,
2009.0,,Arsenal,Wigan,2.0,3.0,Wigan,2010-04-18,Sunday,
2009.0,,Man City,Arsenal,0.0,0.0,Draw,2010-04-24,Saturday,
2009.0,,Arsenal,Blackburn,1.0,2.0,Blackburn,2010-05-03,Monday,
2009.0,,Fulham,Arsenal,0.0,4.0,Arsenal,2010-05-09,Sunday,
2010.0,,Arsenal,Liverpool,1.0,1.0,Draw,2010-08-15,Sunday,
2010.0,,Blackpool,Arsenal,0.0,6.0,Arsenal,2010-08-21,Saturday,
2010.0,,Arsenal,Blackburn,2.0,1.0,Arsenal,2010-08-28,Saturday,
2010.0,,Bolton,Arsenal,1.0,4.0,Arsenal,2010-09-11,Saturday,
2010.0,,Arsenal,Sunderland,1.0,1.0,Draw,2010-09-18,Saturday,
2010.0,,West Brom,Arsenal,3.0,2.0,West Brom,2010-09-25,Saturday,
2010.0,,Arsenal,Chelsea,0.0,2.0,Chelsea,2010-10-03,Sunday,
2010.0,,Birmingham,Arsenal,1.0,2.0,Arsenal,2010-10-16,Saturday,
2010.0,,Arsenal,Man City,3.0,0.0,Arsenal,2010-10-24,Sunday,
2010.0,,West Ham,Arsenal,0.0,1.0,Arsenal,2010-10-30,Saturday,
2010.0,,Newcastle,Arsenal,1.0,0.0,Newcastle,2010-11-07,Sunday,
2010.0,,Arsenal,Wolves,2.0,0.0,Arsenal,2010-11-10,Wednesday,
2010.0,,Arsenal,Everton,2.0,1.0,Arsenal,2010-11-14,Sunday,
2010.0,,Tottenham,Arsenal,3.0,2.0,Tottenham,2010-11-20,Saturday,
2010.0,,Arsenal,Aston Villa,4.0,2.0,Arsenal,2010-11-27,Saturday,
2010.0,,Fulham,Arsenal,1.0,2.0,Arsenal,2010-12-04,Saturday,
2010.0,,Arsenal,Man United,0.0,1.0,Man United,2010-12-13,Monday,
2010.0,,Chelsea,Arsenal,1.0,3.0,Arsenal,2010-12-27,Monday,
2010.0,,Arsenal,Wigan,2.0,2.0,Draw,2010-12-29,Wednesday,
2010.0,,Arsenal,Birmingham,3.0,0.0,Arsenal,2011-01-01,Saturday,
2010.0,,Man City,Arsenal,0.0,0.0,Draw,2011-01-05,Wednesday,
2010.0,,Arsenal,West Ham,3.0,0.0,Arsenal,2011-01-15,Saturday,
2010.0,,Wigan,Arsenal,0.0,3.0,Arsenal,2011-01-22,Saturday,
2010.0,,Everton,Arsenal,1.0,2.0,Arsenal,2011-02-01,Tuesday,
2010.0,,Arsenal,Newcastle,4.0,4.0,Draw,2011-02-05,Saturday,
2010.0,,Wolves,Arsenal,0.0,2.0,Arsenal,2011-02-12,Saturday,
2010.0,,Stoke,Arsenal,0.0,1.0,Arsenal,2011-02-23,Wednesday,
2010.0,,Sunderland,Arsenal,0.0,0.0,Draw,2011-03-05,Saturday,
2010.0,,Arsenal,West Brom,2.0,2.0,Draw,2011-03-19,Saturday,
2010.0,,Blackburn,Arsenal,0.0,0.0,Draw,2011-04-02,Saturday,
2010.0,,Arsenal,Blackpool,3.0,1.0,Arsenal,2011-04-10,Sunday,
2010.0,,Liverpool,Arsenal,1.0,1.0,Draw,2011-04-17,Sunday,
2010.0,,Arsenal,Tottenham,3.0,3.0,Draw,2011-04-20,Wednesday,
2010.0,,Arsenal,Bolton,1.0,2.0,Bolton,2011-04-24,Sunday,
2010.0,,Man United,Arsenal,0.0,1.0,Arsenal,2011-05-01,Sunday,
2010.0,,Arsenal,Stoke,1.0,3.0,Stoke,2011-05-08,Sunday,
2010.0,,Aston Villa,Arsenal,2.0,1.0,Aston Villa,2011-05-15,Sunday,
2010.0,,Arsenal,Fulham,2.0,2.0,Draw,2011-05-22,Sunday,
2011.0,,Arsenal,Newcastle,0.0,0.0,Draw,2011-08-13,Saturday,
2011.0,,Liverpool,Arsenal,2.0,0.0,Liverpool,2011-08-20,Saturday,
2011.0,,Arsenal,Man United,2.0,8.0,Man United,2011-08-28,Sunday,
2011.0,,Swansea,Arsenal,0.0,1.0,Arsenal,2011-09-10,Saturday,
2011.0,,Arsenal,Blackburn,3.0,4.0,Blackburn,2011-09-17,Saturday,
2011.0,,Bolton,Arsenal,0.0,3.0,Arsenal,2011-09-24,Saturday,
2011.0,,Arsenal,Tottenham,1.0,2.0,Tottenham,2011-10-02,Sunday,
2011.0,,Sunderland,Arsenal,1.0,2.0,Arsenal,2011-10-16,Sunday,
2011.0,,Stoke,Arsenal,1.0,3.0,Arsenal,2011-10-23,Sunday,
2011.0,,Arsenal,Chelsea,5.0,3.0,Arsenal,2011-10-29,Saturday,
2011.0,,West Brom,Arsenal,0.0,3.0,Arsenal,2011-11-05,Saturday,
2011.0,,Arsenal,Norwich,2.0,1.0,Arsenal,2011-11-19,Saturday,
2011.0,,Fulham,Arsenal,1.0,1.0,Draw,2011-11-26,Saturday,
2011.0,,Arsenal,Wigan,4.0,0.0,Arsenal,2011-12-03,Saturday,
2011.0,,Everton,Arsenal,0.0,1.0,Arsenal,2011-12-10,Saturday,
2011.0,,Arsenal,Man City,0.0,1.0,Man City,2011-12-18,Sunday,
2011.0,,Arsenal,Aston Villa,2.0,1.0,Arsenal,2011-12-21,Wednesday,
2011.0,,Wolves,Arsenal,1.0,1.0,Draw,2011-12-27,Tuesday,
2011.0,,QPR,Arsenal,0.0,1.0,Arsenal,2011-12-31,Saturday,
2011.0,,Arsenal,Fulham,1.0,2.0,Fulham,2012-01-02,Monday,
2011.0,,Arsenal,Swansea,2.0,3.0,Swansea,2012-01-15,Sunday,
2011.0,,Man United,Arsenal,2.0,1.0,Man United,2012-01-22,Sunday,
2011.0,,Arsenal,Bolton,0.0,0.0,Draw,2012-02-01,Wednesday,
2011.0,,Blackburn,Arsenal,1.0,7.0,Arsenal,2012-02-04,Saturday,
2011.0,,Arsenal,Sunderland,2.0,1.0,Arsenal,2012-02-11,Saturday,
2011.0,,Tottenham,Arsenal,2.0,5.0,Arsenal,2012-02-26,Sunday,
2011.0,,Arsenal,Liverpool,2.0,1.0,Arsenal,2012-03-03,Saturday,
2011.0,,Newcastle,Arsenal,1.0,2.0,Arsenal,2012-03-12,Monday,
2011.0,,Arsenal,Everton,1.0,0.0,Arsenal,2012-03-21,Wednesday,
2011.0,,Aston Villa,Arsenal,0.0,3.0,Arsenal,2012-03-24,Saturday,
2011.0,,Arsenal,QPR,1.0,2.0,QPR,2012-03-31,Saturday,
2011.0,,Man City,Arsenal,0.0,1.0,Arsenal,2012-04-08,Sunday,
2011.0,,Arsenal,Wolves,3.0,0.0,Arsenal,2012-04-11,Wednesday,
2011.0,,Wigan,Arsenal,2.0,1.0,Wigan,2012-04-16,Monday,
2011.0,,Chelsea,Arsenal,0.0,0.0,Draw,2012-04-21,Saturday,
2011.0,,Arsenal,Stoke,1.0,1.0,Draw,2012-04-28,Saturday,
2011.0,,Norwich,Arsenal,3.0,3.0,Draw,2012-05-05,Saturday,
2011.0,,Arsenal,West Brom,3.0,2.0,Arsenal,2012-05-13,Sunday,
2012.0,,Sunderland,Arsenal,0.0,0.0,Draw,2012-08-18,Saturday,
2012.0,,Arsenal,Stoke,0.0,0.0,Draw,2012-08-26,Sunday,
2012.0,,Arsenal,Liverpool,2.0,0.0,Arsenal,2012-09-02,Sunday,
2012.0,,Southampton,Arsenal,1.0,6.0,Arsenal,2012-09-15,Saturday,
2012.0,,Arsenal,Man City,1.0,1.0,Draw,2012-09-23,Sunday,
2012.0,,Chelsea,Arsenal,2.0,1.0,Chelsea,2012-09-29,Saturday,
2012.0,,Arsenal,West Ham,3.0,1.0,Arsenal,2012-10-06,Saturday,
2012.0,,Arsenal,Norwich,0.0,1.0,Norwich,2012-10-20,Saturday,
2012.0,,QPR,Arsenal,0.0,1.0,Arsenal,2012-10-27,Saturday,
2012.0,,Arsenal,Man United,1.0,2.0,Man United,2012-11-03,Saturday,
2012.0,,Fulham,Arsenal,3.0,3.0,Draw,2012-11-10,Saturday,
2012.0,,Tottenham,Arsenal,2.0,5.0,Arsenal,2012-11-17,Saturday,
2012.0,,Arsenal,Aston Villa,0.0,0.0,Draw,2012-11-24,Saturday,
2012.0,,Arsenal,Everton,1.0,1.0,Draw,2012-11-28,Wednesday,
2012.0,,Swansea,Arsenal,2.0,0.0,Swansea,2012-12-01,Saturday,
2012.0,,West Brom,Arsenal,0.0,2.0,Arsenal,2012-12-08,Saturday,
2012.0,,Arsenal,Reading,5.0,2.0,Arsenal,2012-12-17,Monday,
2012.0,,Arsenal,Wigan,1.0,0.0,Arsenal,2012-12-22,Saturday,
2012.0,,Newcastle,Arsenal,3.0,7.0,Arsenal,2012-12-29,Saturday,
2012.0,,Arsenal,Southampton,1.0,1.0,Draw,2013-01-01,Tuesday,
2012.0,,Man City,Arsenal,2.0,0.0,Man City,2013-01-13,Sunday,
2012.0,,Arsenal,Chelsea,1.0,2.0,Chelsea,2013-01-20,Sunday,
2012.0,,West Ham,Arsenal,1.0,5.0,Arsenal,2013-01-23,Wednesday,
2012.0,,Liverpool,Arsenal,2.0,2.0,Draw,2013-01-30,Wednesday,
2012.0,,Stoke,Arsenal,0.0,1.0,Arsenal,2013-02-02,Saturday,
2012.0,,Arsenal,Sunderland,1.0,0.0,Arsenal,2013-02-09,Saturday,
2012.0,,Aston Villa,Arsenal,1.0,2.0,Arsenal,2013-02-23,Saturday,
2012.0,,Arsenal,Tottenham,1.0,2.0,Tottenham,2013-03-03,Sunday,
2012.0,,Arsenal,Swansea,2.0,0.0,Arsenal,2013-03-16,Saturday,
2012.0,,Reading,Arsenal,1.0,4.0,Arsenal,2013-03-30,Saturday,
2012.0,,Arsenal,West Brom,2.0,1.0,Arsenal,2013-04-06,Saturday,
2012.0,,Norwich,Arsenal,1.0,3.0,Arsenal,2013-04-13,Saturday,
2012.0,,Everton,Arsenal,0.0,0.0,Draw,2013-04-16,Tuesday,
2012.0,,Arsenal,Fulham,1.0,0.0,Arsenal,2013-04-20,Saturday,
2012.0,,Man United,Arsenal,1.0,1.0,Draw,2013-04-28,Sunday,
2012.0,,Arsenal,QPR,1.0,0.0,Arsenal,2013-05-04,Saturday,
2012.0,,Wigan,Arsenal,1.0,4.0,Arsenal,2013-05-14,Tuesday,
2012.0,,Arsenal,Newcastle,1.0,0.0,Arsenal,2013-05-19,Sunday,
2013.0,,Aston Villa,Arsenal,3.0,1.0,Aston Villa,2013-08-17,Saturday,
2013.0,,Arsenal,Fulham,3.0,1.0,Arsenal,2013-08-24,Saturday,
2013.0,,Tottenham,Arsenal,0.0,1.0,Arsenal,2013-09-01,Sunday,
2013.0,,Arsenal,Sunderland,3.0,1.0,Arsenal,2013-09-14,Saturday,
2013.0,,Stoke,Arsenal,1.0,3.0,Arsenal,2013-09-22,Sunday,
2013.0,,Arsenal,Swansea,2.0,1.0,Arsenal,2013-09-28,Saturday,
2013.0,,Arsenal,West Brom,1.0,1.0,Draw,2013-10-06,Sunday,
2013.0,,Norwich,Arsenal,1.0,4.0,Arsenal,2013-10-19,Saturday,
2013.0,,Arsenal,Crystal Palace,2.0,0.0,Arsenal,2013-10-26,Saturday,
2013.0,,Liverpool,Arsenal,0.0,2.0,Arsenal,2013-11-02,Saturday,
2013.0,,Arsenal,Man United,0.0,1.0,Man United,2013-11-10,Sunday,
2013.0,,Southampton,Arsenal,0.0,2.0,Arsenal,2013-11-23,Saturday,
2013.0,,Arsenal,Cardiff,3.0,0.0,Arsenal,2013-11-30,Saturday,
2013.0,,Hull,Arsenal,0.0,2.0,Arsenal,2013-12-04,Wednesday,
2013.0,,Everton,Arsenal,1.0,1.0,Draw,2013-12-08,Sunday,
2013.0,,Arsenal,Man City,3.0,6.0,Man City,2013-12-14,Saturday,
2013.0,,Chelsea,Arsenal,0.0,0.0,Draw,2013-12-23,Monday,
2013.0,,Arsenal,West Ham,3.0,1.0,Arsenal,2013-12-26,Thursday,
2013.0,,Arsenal,Newcastle,1.0,0.0,Arsenal,2013-12-29,Sunday,
2013.0,,Cardiff,Arsenal,0.0,2.0,Arsenal,2014-01-01,Wednesday,
2013.0,,Arsenal,Aston Villa,2.0,1.0,Arsenal,2014-01-13,Monday,
2013.0,,Fulham,Arsenal,0.0,2.0,Arsenal,2014-01-18,Saturday,
2013.0,,Arsenal,Southampton,2.0,2.0,Draw,2014-01-28,Tuesday,
2013.0,,Crystal Palace,Arsenal,0.0,2.0,Arsenal,2014-02-02,Sunday,
2013.0,,Arsenal,Liverpool,1.0,5.0,Liverpool,2014-02-08,Saturday,
2013.0,,Man United,Arsenal,0.0,0.0,Draw,2014-02-12,Wednesday,
2013.0,,Sunderland,Arsenal,1.0,4.0,Arsenal,2014-02-22,Saturday,
2013.0,,Arsenal,Stoke,0.0,1.0,Stoke,2014-03-01,Saturday,
2013.0,,Arsenal,Tottenham,1.0,0.0,Arsenal,2014-03-16,Sunday,
2013.0,,Arsenal,Chelsea,0.0,6.0,Chelsea,2014-03-22,Saturday,
2013.0,,Swansea,Arsenal,2.0,2.0,Draw,2014-03-25,Tuesday,
2013.0,,Man City,Arsenal,1.0,1.0,Draw,2014-03-29,Saturday,
2013.0,,Arsenal,Everton,0.0,3.0,Everton,2014-04-06,Sunday,
2013.0,,West Ham,Arsenal,1.0,3.0,Arsenal,2014-04-15,Tuesday,
2013.0,,Arsenal,Hull,3.0,0.0,Arsenal,2014-04-20,Sunday,
2013.0,,Newcastle,Arsenal,0.0,3.0,Arsenal,2014-04-28,Monday,
2013.0,,West Brom,Arsenal,0.0,1.0,Arsenal,2014-05-04,Sunday,
2013.0,,Arsenal,Norwich,2.0,0.0,Arsenal,2014-05-11,Sunday,
2014.0,,Crystal Palace,Arsenal,1.0,2.0,Arsenal,2014-08-16,Saturday,
2014.0,,Arsenal,Everton,2.0,2.0,Draw,2014-08-23,Saturday,
2014.0,,Arsenal,Leicester,1.0,1.0,Draw,2014-08-31,Sunday,
2014.0,,Man City,Arsenal,2.0,2.0,Draw,2014-09-13,Saturday,
2014.0,,Arsenal,Aston Villa,3.0,0.0,Arsenal,2014-09-20,Saturday,
2014.0,,Tottenham,Arsenal,1.0,1.0,Draw,2014-09-27,Saturday,
2014.0,,Arsenal,Chelsea,0.0,2.0,Chelsea,2014-10-05,Sunday,
2014.0,,Hull,Arsenal,2.0,2.0,Draw,2014-10-18,Saturday,
2014.0,,Arsenal,Sunderland,2.0,0.0,Arsenal,2014-10-25,Saturday,
2014.0,,Burnley,Arsenal,0.0,3.0,Arsenal,2014-11-01,Saturday,
2014.0,,Arsenal,Swansea,1.0,2.0,Swansea,2014-11-09,Sunday,
2014.0,,Man United,Arsenal,2.0,1.0,Man United,2014-11-22,Saturday,
2014.0,,Arsenal,West Brom,1.0,0.0,Arsenal,2014-11-29,Saturday,
2014.0,,Southampton,Arsenal,0.0,1.0,Arsenal,2014-12-03,Wednesday,
2014.0,,Arsenal,Stoke,2.0,3.0,Stoke,2014-12-06,Saturday,
2014.0,,Newcastle,Arsenal,1.0,4.0,Arsenal,2014-12-13,Saturday,
2014.0,,Arsenal,Liverpool,2.0,2.0,Draw,2014-12-21,Sunday,
2014.0,,QPR,Arsenal,1.0,2.0,Arsenal,2014-12-26,Friday,
2014.0,,Arsenal,West Ham,2.0,1.0,Arsenal,2014-12-28,Sunday,
2014.0,,Arsenal,Southampton,0.0,2.0,Southampton,2015-01-01,Thursday,
2014.0,,Stoke,Arsenal,0.0,3.0,Arsenal,2015-01-11,Sunday,
2014.0,,Arsenal,Man City,2.0,0.0,Arsenal,2015-01-18,Sunday,
2014.0,,Aston Villa,Arsenal,0.0,5.0,Arsenal,2015-02-01,Sunday,
2014.0,,Arsenal,Tottenham,1.0,2.0,Tottenham,2015-02-07,Saturday,
2014.0,,Leicester,Arsenal,1.0,2.0,Arsenal,2015-02-10,Tuesday,
2014.0,,Arsenal,Crystal Palace,2.0,1.0,Arsenal,2015-02-21,Saturday,
2014.0,,Everton,Arsenal,0.0,2.0,Arsenal,2015-03-01,Sunday,
2014.0,,Arsenal,QPR,2.0,1.0,Arsenal,2015-03-04,Wednesday,
2014.0,,West Ham,Arsenal,0.0,3.0,Arsenal,2015-03-14,Saturday,
2014.0,,Arsenal,Newcastle,2.0,1.0,Arsenal,2015-03-21,Saturday,
2014.0,,Liverpool,Arsenal,1.0,4.0,Arsenal,2015-04-04,Saturday,
2014.0,,Arsenal,Burnley,1.0,0.0,Arsenal,2015-04-11,Saturday,
2014.0,,Chelsea,Arsenal,0.0,0.0,Draw,2015-04-26,Sunday,
2014.0,,Arsenal,Hull,3.0,1.0,Arsenal,2015-05-04,Monday,
2014.0,,Swansea,Arsenal,1.0,0.0,Swansea,2015-05-11,Monday,
2014.0,,Arsenal,Man United,1.0,1.0,Draw,2015-05-17,Sunday,
2014.0,,Sunderland,Arsenal,0.0,0.0,Draw,2015-05-20,Wednesday,
2014.0,,West Brom,Arsenal,1.0,4.0,Arsenal,2015-05-24,Sunday,
2015.0,,West Ham,Arsenal,2.0,0.0,West Ham,2015-08-09,Sunday,
2015.0,,Arsenal,Crystal Palace,2.0,1.0,Arsenal,2015-08-16,Sunday,
2015.0,,Liverpool,Arsenal,0.0,0.0,Draw,2015-08-24,Monday,
2015.0,,Arsenal,Newcastle,1.0,0.0,Arsenal,2015-08-29,Saturday,
2015.0,,Stoke,Arsenal,0.0,2.0,Arsenal,2015-09-12,Saturday,
2015.0,,Arsenal,Chelsea,0.0,2.0,Chelsea,2015-09-19,Saturday,
2015.0,,Arsenal,Leicester,5.0,2.0,Arsenal,2015-09-26,Saturday,
2015.0,,Man United,Arsenal,0.0,3.0,Arsenal,2015-10-04,Sunday,
2015.0,,Arsenal,Watford,3.0,0.0,Arsenal,2015-10-17,Saturday,
2015.0,,Everton,Arsenal,1.0,2.0,Arsenal,2015-10-24,Saturday,
2015.0,,Arsenal,Swansea,3.0,0.0,Arsenal,2015-10-31,Saturday,
2015.0,,Tottenham,Arsenal,1.0,1.0,Draw,2015-11-08,Sunday,
2015.0,,Arsenal,West Brom,1.0,2.0,West Brom,2015-11-21,Saturday,
2015.0,,Arsenal,Norwich,1.0,1.0,Draw,2015-11-29,Sunday,
2015.0,,Sunderland,Arsenal,1.0,3.0,Arsenal,2015-12-05,Saturday,
2015.0,,Arsenal,Aston Villa,2.0,0.0,Arsenal,2015-12-13,Sunday,
2015.0,,Man City,Arsenal,1.0,2.0,Arsenal,2015-12-21,Monday,
2015.0,,Arsenal,Southampton,0.0,4.0,Southampton,2015-12-26,Saturday,
2015.0,,Bournemouth,Arsenal,0.0,2.0,Arsenal,2015-12-28,Monday,
2015.0,,Newcastle,Arsenal,0.0,1.0,Arsenal,2016-01-02,Saturday,
2015.0,,Arsenal,Liverpool,3.0,3.0,Draw,2016-01-13,Wednesday,
2015.0,,Arsenal,Stoke,0.0,0.0,Draw,2016-01-17,Sunday,
2015.0,,Chelsea,Arsenal,1.0,0.0,Chelsea,2016-01-24,Sunday,
2015.0,,Southampton,Arsenal,0.0,0.0,Draw,2016-02-02,Tuesday,
2015.0,,Arsenal,Bournemouth,2.0,0.0,Arsenal,2016-02-07,Sunday,
2015.0,,Leicester,Arsenal,1.0,2.0,Arsenal,2016-02-14,Sunday,
2015.0,,Arsenal,Man United,2.0,3.0,Man United,2016-02-28,Sunday,
2015.0,,Swansea,Arsenal,2.0,1.0,Swansea,2016-03-02,Wednesday,
2015.0,,Arsenal,Tottenham,2.0,2.0,Draw,2016-03-05,Saturday,
2015.0,,Arsenal,Everton,2.0,0.0,Arsenal,2016-03-19,Saturday,
2015.0,,Watford,Arsenal,0.0,4.0,Arsenal,2016-04-02,Saturday,
2015.0,,Arsenal,West Ham,3.0,3.0,Draw,2016-04-09,Saturday,
2015.0,,Crystal Palace,Arsenal,1.0,1.0,Draw,2016-04-17,Sunday,
2015.0,,West Brom,Arsenal,0.0,2.0,Arsenal,2016-04-21,Thursday,
2015.0,,Arsenal,Sunderland,0.0,0.0,Draw,2016-04-24,Sunday,
2015.0,,Norwich,Arsenal,0.0,1.0,Arsenal,2016-04-30,Saturday,
2015.0,,Arsenal,Man City,2.0,2.0,Draw,2016-05-08,Sunday,
2015.0,,Aston Villa,Arsenal,0.0,4.0,Arsenal,2016-05-15,Sunday,
2016.0,,Liverpool,Arsenal,4.0,3.0,Liverpool,2016-08-14,Sunday,
2016.0,,Arsenal,Leicester,0.0,0.0,Draw,2016-08-20,Saturday,
2016.0,,Arsenal,Watford,3.0,1.0,Arsenal,2016-08-27,Saturday,
2016.0,,Southampton,Arsenal,1.0,2.0,Arsenal,2016-09-10,Saturday,
2016.0,,Arsenal,Hull,4.0,1.0,Arsenal,2016-09-17,Saturday,
2016.0,,Chelsea,Arsenal,0.0,3.0,Arsenal,2016-09-24,Saturday,
2016.0,,Arsenal,Burnley,1.0,0.0,Arsenal,2016-10-02,Sunday,
2016.0,,Swansea,Arsenal,2.0,3.0,Arsenal,2016-10-15,Saturday,
2016.0,,Middlesbrough,Arsenal,0.0,0.0,Draw,2016-10-22,Saturday,
2016.0,,Arsenal,Sunderland,4.0,1.0,Arsenal,2016-10-29,Saturday,
2016.0,,Tottenham,Arsenal,1.0,1.0,Draw,2016-11-06,Sunday,
2016.0,,Arsenal,Man United,1.0,1.0,Draw,2016-11-19,Saturday,
2016.0,,Bournemouth,Arsenal,1.0,3.0,Arsenal,2016-11-27,Sunday,
2016.0,,Arsenal,West Ham,5.0,1.0,Arsenal,2016-12-03,Saturday,
2016.0,,Stoke,Arsenal,1.0,3.0,Arsenal,2016-12-10,Saturday,
2016.0,,Arsenal,Everton,1.0,2.0,Everton,2016-12-13,Tuesday,
2016.0,,Arsenal,Man City,1.0,2.0,Man City,2016-12-18,Sunday,
2016.0,,West Brom,Arsenal,0.0,1.0,Arsenal,2016-12-26,Monday,
2016.0,,Crystal Palace,Arsenal,0.0,2.0,Arsenal,2017-01-01,Sunday,
2016.0,,Arsenal,Bournemouth,3.0,3.0,Draw,2017-01-03,Tuesday,
2016.0,,Arsenal,Swansea,4.0,0.0,Arsenal,2017-01-14,Saturday,
2016.0,,Burnley,Arsenal,1.0,2.0,Arsenal,2017-01-22,Sunday,
2016.0,,Watford,Arsenal,2.0,1.0,Watford,2017-01-31,Tuesday,
2016.0,,Arsenal,Chelsea,1.0,3.0,Chelsea,2017-02-04,Saturday,
2016.0,,Hull,Arsenal,0.0,2.0,Arsenal,2017-02-11,Saturday,
2016.0,,Arsenal,Liverpool,1.0,3.0,Liverpool,2017-03-04,Saturday,
2016.0,,Arsenal,West Brom,1.0,3.0,West Brom,2017-03-18,Saturday,
2016.0,,Man City,Arsenal,2.0,2.0,Draw,2017-04-02,Sunday,
2016.0,,West Ham,Arsenal,0.0,3.0,Arsenal,2017-04-05,Wednesday,
2016.0,,Arsenal,Crystal Palace,0.0,3.0,Crystal Palace,2017-04-10,Monday,
2016.0,,Arsenal,Middlesbrough,2.0,1.0,Arsenal,2017-04-17,Monday,
2016.0,,Leicester,Arsenal,0.0,1.0,Arsenal,2017-04-26,Wednesday,
2016.0,,Arsenal,Tottenham,0.0,2.0,Tottenham,2017-04-30,Sunday,
2016.0,,Man United,Arsenal,0.0,2.0,Arsenal,2017-05-07,Sunday,
2016.0,,Arsenal,Southampton,2.0,0.0,Arsenal,2017-05-10,Wednesday,
2016.0,,Arsenal,Stoke,4.0,1.0,Arsenal,2017-05-13,Saturday,
2016.0,,Sunderland,Arsenal,0.0,2.0,Arsenal,2017-05-16,Tuesday,
2016.0,,Everton,Arsenal,1.0,3.0,Arsenal,2017-05-21,Sunday,
2017.0,,Leicester,Arsenal,3.0,4.0,Arsenal,2017-08-11,Friday,
2017.0,,Arsenal,Stoke,0.0,1.0,Stoke,2017-08-19,Saturday,
2017.0,,Arsenal,Liverpool,0.0,4.0,Liverpool,2017-08-27,Sunday,
2017.0,,Bournemouth,Arsenal,0.0,3.0,Arsenal,2017-09-09,Saturday,
2017.0,,Arsenal,Chelsea,0.0,0.0,Draw,2017-09-17,Sunday,
2017.0,,West Brom,Arsenal,0.0,2.0,Arsenal,2017-09-25,Monday,
2017.0,,Brighton,Arsenal,0.0,2.0,Arsenal,2017-10-01,Sunday,
2017.0,,Arsenal,Watford,1.0,2.0,Watford,2017-10-14,Saturday,
2017.0,,Arsenal,Everton,5.0,2.0,Arsenal,2017-10-22,Sunday,
2017.0,,Swansea,Arsenal,1.0,2.0,Arsenal,2017-10-28,Saturday,
2017.0,,Arsenal,Man City,1.0,3.0,Man City,2017-11-05,Sunday,
2017.0,,Tottenham,Arsenal,0.0,2.0,Arsenal,2017-11-18,Saturday,
2017.0,,Arsenal,Burnley,1.0,0.0,Arsenal,2017-11-26,Sunday,
2017.0,,Huddersfield,Arsenal,0.0,5.0,Arsenal,2017-11-29,Wednesday,
2017.0,,Man United,Arsenal,3.0,1.0,Man United,2017-12-02,Saturday,
2017.0,,Arsenal,Southampton,1.0,1.0,Draw,2017-12-10,Sunday,
2017.0,,Arsenal,West Ham,0.0,0.0,Draw,2017-12-13,Wednesday,
2017.0,,Newcastle,Arsenal,0.0,1.0,Arsenal,2017-12-16,Saturday,
2017.0,,Liverpool,Arsenal,3.0,3.0,Draw,2017-12-22,Friday,
2017.0,,Arsenal,Crystal Palace,3.0,2.0,Arsenal,2017-12-28,Thursday,
2017.0,,Arsenal,West Brom,1.0,1.0,Draw,2017-12-31,Sunday,
2017.0,,Chelsea,Arsenal,2.0,2.0,Draw,2018-01-03,Wednesday,
2017.0,,Arsenal,Bournemouth,1.0,2.0,Bournemouth,2018-01-14,Sunday,
2017.0,,Crystal Palace,Arsenal,1.0,4.0,Arsenal,2018-01-20,Saturday,
2017.0,,Arsenal,Swansea,1.0,3.0,Swansea,2018-01-30,Tuesday,
2017.0,,Everton,Arsenal,1.0,5.0,Arsenal,2018-02-03,Saturday,
2017.0,,Arsenal,Tottenham,0.0,1.0,Tottenham,2018-02-10,Saturday,
2017.0,,Man City,Arsenal,3.0,0.0,Man City,2018-03-01,Thursday,
2017.0,,Arsenal,Brighton,1.0,2.0,Brighton,2018-03-04,Sunday,
2017.0,,Watford,Arsenal,0.0,3.0,Arsenal,2018-03-11,Sunday,
2017.0,,Stoke,Arsenal,0.0,3.0,Arsenal,2018-04-01,Sunday,
2017.0,,Southampton,Arsenal,2.0,3.0,Arsenal,2018-04-08,Sunday,
2017.0,,Arsenal,Newcastle,1.0,2.0,Newcastle,2018-04-15,Sunday,
2017.0,,West Ham,Arsenal,1.0,4.0,Arsenal,2018-04-22,Sunday,
2017.0,,Arsenal,Man United,1.0,2.0,Man United,2018-04-29,Sunday,
2017.0,,Burnley,Arsenal,0.0,5.0,Arsenal,2018-05-06,Sunday,
2017.0,,Arsenal,Leicester,1.0,3.0,Leicester,2018-05-09,Wednesday,
2017.0,,Arsenal,Huddersfield,1.0,0.0,Arsenal,2018-05-13,Sunday,
2018.0,,Man City,Arsenal,2.0,0.0,Man City,2018-08-12,Sunday,
2018.0,,Arsenal,Chelsea,2.0,3.0,Chelsea,2018-08-18,Saturday,
2018.0,,West Ham,Arsenal,1.0,3.0,Arsenal,2018-08-25,Saturday,
2018.0,,Arsenal,Cardiff,3.0,2.0,Arsenal,2018-09-02,Sunday,
2018.0,,Arsenal,Newcastle,2.0,1.0,Arsenal,2018-09-15,Saturday,
2018.0,,Everton,Arsenal,0.0,2.0,Arsenal,2018-09-23,Sunday,
2018.0,,Watford,Arsenal,0.0,2.0,Arsenal,2018-09-29,Saturday,
2018.0,,Arsenal,Fulham,5.0,1.0,Arsenal,2018-10-07,Sunday,
2018.0,,Leicester,Arsenal,1.0,3.0,Arsenal,2018-10-22,Monday,
2018.0,,Arsenal,Crystal Palace,2.0,2.0,Draw,2018-10-28,Sunday,
2018.0,,Liverpool,Arsenal,1.0,1.0,Draw,2018-11-03,Saturday,
2018.0,,Wolves,Arsenal,1.0,1.0,Draw,2018-11-11,Sunday,
2018.0,,Arsenal,Bournemouth,2.0,1.0,Arsenal,2018-11-25,Sunday,
2018.0,,Tottenham,Arsenal,2.0,4.0,Arsenal,2018-12-02,Sunday,
2018.0,,Arsenal,Man United,2.0,2.0,Draw,2018-12-05,Wednesday,
2018.0,,Huddersfield,Arsenal,0.0,1.0,Arsenal,2018-12-08,Saturday,
2018.0,,Arsenal,Southampton,2.0,3.0,Southampton,2018-12-16,Sunday,
2018.0,,Burnley,Arsenal,1.0,3.0,Arsenal,2018-12-22,Saturday,
2018.0,,Arsenal,Brighton,1.0,1.0,Draw,2018-12-26,Wednesday,
2018.0,,Arsenal,Liverpool,1.0,5.0,Liverpool,2018-12-29,Saturday,
2018.0,,Fulham,Arsenal,1.0,4.0,Arsenal,2019-01-01,Tuesday,
2018.0,,Arsenal,West Ham,0.0,1.0,West Ham,2019-01-12,Saturday,
2018.0,,Chelsea,Arsenal,0.0,2.0,Arsenal,2019-01-19,Saturday,
2018.0,,Cardiff,Arsenal,1.0,2.0,Arsenal,2019-01-29,Tuesday,
2018.0,,Arsenal,Man City,1.0,3.0,Man City,2019-02-03,Sunday,
2018.0,,Arsenal,Huddersfield,2.0,1.0,Arsenal,2019-02-09,Saturday,
2018.0,,Southampton,Arsenal,0.0,2.0,Arsenal,2019-02-24,Sunday,
2018.0,,Bournemouth,Arsenal,1.0,5.0,Arsenal,2019-02-27,Wednesday,
2018.0,,Arsenal,Tottenham,1.0,1.0,Draw,2019-03-02,Saturday,
2018.0,,Man United,Arsenal,0.0,2.0,Arsenal,2019-03-10,Sunday,
2018.0,,Newcastle,Arsenal,0.0,2.0,Arsenal,2019-04-01,Monday,
2018.0,,Arsenal,Everton,0.0,1.0,Everton,2019-04-07,Sunday,
2018.0,,Arsenal,Watford,1.0,0.0,Arsenal,2019-04-15,Monday,
2018.0,,Crystal Palace,Arsenal,3.0,2.0,Crystal Palace,2019-04-21,Sunday,
2018.0,,Arsenal,Wolves,1.0,3.0,Wolves,2019-04-24,Wednesday,
2018.0,,Arsenal,Leicester,0.0,3.0,Leicester,2019-04-28,Sunday,
2018.0,,Brighton,Arsenal,1.0,1.0,Draw,2019-05-05,Sunday,
2018.0,,Arsenal,Burnley,3.0,1.0,Arsenal,2019-05-12,Sunday,
2019.0,,Arsenal,Newcastle,1.0,0.0,Arsenal,2019-08-11,Sunday,
2019.0,,Burnley,Arsenal,1.0,2.0,Arsenal,2019-08-17,Saturday,
2019.0,,Arsenal,Liverpool,1.0,3.0,Liverpool,2019-08-24,Saturday,
2019.0,,Tottenham,Arsenal,2.0,2.0,Draw,2019-09-01,Sunday,
2019.0,,Arsenal,Watford,2.0,2.0,Draw,2019-09-15,Sunday,
2019.0,,Aston Villa,Arsenal,2.0,3.0,Arsenal,2019-09-22,Sunday,
2019.0,,Arsenal,Man United,1.0,1.0,Draw,2019-09-30,Monday,
2019.0,,Bournemouth,Arsenal,0.0,1.0,Arsenal,2019-10-06,Sunday,
2019.0,,Arsenal,Sheffield United,0.0,1.0,Sheffield United,2019-10-21,Monday,
2019.0,,Crystal Palace,Arsenal,2.0,2.0,Draw,2019-10-27,Sunday,
2019.0,,Wolves,Arsenal,1.0,1.0,Draw,2019-11-02,Saturday,
2019.0,,Arsenal,Leicester,0.0,2.0,Leicester,2019-11-09,Saturday,
2019.0,,Southampton,Arsenal,2.0,2.0,Draw,2019-11-23,Saturday,
2019.0,,Arsenal,Norwich,2.0,2.0,Draw,2019-12-01,Sunday,
2019.0,,Brighton,Arsenal,2.0,1.0,Brighton,2019-12-05,Thursday,
2019.0,,Arsenal,West Ham,3.0,1.0,Arsenal,2019-12-09,Monday,
2019.0,,Man City,Arsenal,3.0,0.0,Man City,2019-12-15,Sunday,
2019.0,,Arsenal,Everton,0.0,0.0,Draw,2019-12-21,Saturday,
2019.0,,Arsenal,Bournemouth,1.0,1.0,Draw,2019-12-26,Thursday,
2019.0,,Chelsea,Arsenal,2.0,1.0,Chelsea,2019-12-29,Sunday,
2019.0,,Man United,Arsenal,0.0,2.0,Arsenal,2020-01-01,Wednesday,
2019.0,,Arsenal,Crystal Palace,1.0,1.0,Draw,2020-01-11,Saturday,
2019.0,,Sheffield United,Arsenal,1.0,1.0,Draw,2020-01-18,Saturday,
2019.0,,Arsenal,Chelsea,2.0,2.0,Draw,2020-01-21,Tuesday,
2019.0,,Arsenal,Burnley,0.0,0.0,Draw,2020-02-02,Sunday,
2019.0,,Newcastle,Arsenal,0.0,4.0,Arsenal,2020-02-16,Sunday,
2019.0,,Everton,Arsenal,2.0,3.0,Arsenal,2020-02-23,Sunday,
2019.0,,West Ham,Arsenal,0.0,1.0,Arsenal,2020-03-07,Saturday,
2019.0,,Arsenal,Man City,0.0,3.0,Man City,2020-06-17,Wednesday,
2019.0,,Arsenal,Brighton,1.0,2.0,Brighton,2020-06-20,Saturday,
2019.0,,Arsenal,Southampton,2.0,0.0,Arsenal,2020-06-25,Thursday,
2019.0,,Norwich,Arsenal,0.0,4.0,Arsenal,2020-07-01,Wednesday,
2019.0,,Arsenal,Wolves,2.0,0.0,Arsenal,2020-07-04,Saturday,
2019.0,,Leicester,Arsenal,1.0,1.0,Draw,2020-07-07,Tuesday,
2019.0,,Arsenal,Tottenham,1.0,2.0,Tottenham,2020-07-12,Sunday,
2019.0,,Liverpool,Arsenal,1.0,2.0,Arsenal,2020-07-15,Wednesday,
2019.0,,Arsenal,Aston Villa,0.0,1.0,Aston Villa,2020-07-21,Tuesday,
2019.0,,Watford,Arsenal,2.0,3.0,Arsenal,2020-07-26,Sunday,
2020.0,,Arsenal,Fulham,3.0,0.0,Arsenal,2020-09-12,Saturday,
2020.0,,West Ham,Arsenal,1.0,2.0,Arsenal,2020-09-19,Saturday,
2020.0,,Arsenal,Liverpool,1.0,3.0,Liverpool,2020-09-28,Monday,
2020.0,,Sheffield United,Arsenal,1.0,2.0,Arsenal,2020-10-04,Sunday,
2020.0,,Arsenal,Man City,0.0,1.0,Man City,2020-10-17,Saturday,
2020.0,,Leicester,Arsenal,1.0,0.0,Leicester,2020-10-25,Sunday,
2020.0,,Arsenal,Man United,1.0,0.0,Arsenal,2020-11-01,Sunday,
2020.0,,Aston Villa,Arsenal,3.0,0.0,Aston Villa,2020-11-08,Sunday,
2020.0,,Arsenal,Leeds,0.0,0.0,Draw,2020-11-22,Sunday,
2020.0,,Wolves,Arsenal,2.0,1.0,Wolves,2020-11-29,Sunday,
2020.0,,Arsenal,Tottenham,0.0,2.0,Tottenham,2020-12-06,Sunday,
2020.0,,Burnley,Arsenal,1.0,0.0,Burnley,2020-12-13,Sunday,
2020.0,,Southampton,Arsenal,1.0,1.0,Draw,2020-12-16,Wednesday,
2020.0,,Arsenal,Everton,1.0,2.0,Everton,2020-12-19,Saturday,
2020.0,,Chelsea,Arsenal,1.0,3.0,Arsenal,2020-12-26,Saturday,
2020.0,,Arsenal,Brighton,1.0,0.0,Arsenal,2020-12-29,Tuesday,
2020.0,,Arsenal,West Brom,4.0,0.0,Arsenal,2021-01-02,Saturday,
2020.0,,Crystal Palace,Arsenal,0.0,0.0,Draw,2021-01-14,Thursday,
2020.0,,Newcastle,Arsenal,0.0,3.0,Arsenal,2021-01-18,Monday,
2020.0,,Arsenal,Southampton,3.0,1.0,Arsenal,2021-01-26,Tuesday,
2020.0,,Man United,Arsenal,0.0,0.0,Draw,2021-01-30,Saturday,
2020.0,,Arsenal,Wolves,1.0,2.0,Wolves,2021-02-02,Tuesday,
2020.0,,Arsenal,Aston Villa,0.0,1.0,Aston Villa,2021-02-06,Saturday,
2020.0,,Leeds,Arsenal,2.0,4.0,Arsenal,2021-02-14,Sunday,
2020.0,,Man City,Arsenal,1.0,0.0,Man City,2021-02-21,Sunday,
2020.0,,Arsenal,Leicester,3.0,1.0,Arsenal,2021-02-28,Sunday,
2020.0,,Arsenal,Burnley,1.0,1.0,Draw,2021-03-06,Saturday,
2020.0,,Tottenham,Arsenal,1.0,2.0,Arsenal,2021-03-14,Sunday,
2020.0,,Arsenal,West Ham,3.0,3.0,Draw,2021-03-21,Sunday,
2020.0,,Liverpool,Arsenal,3.0,0.0,Liverpool,2021-04-03,Saturday,
2020.0,,Arsenal,Sheffield United,3.0,0.0,Arsenal,2021-04-11,Sunday,
2020.0,,Fulham,Arsenal,1.0,1.0,Draw,2021-04-18,Sunday,
2020.0,,Everton,Arsenal,1.0,0.0,Everton,2021-04-23,Friday,
2020.0,,Arsenal,Newcastle,2.0,0.0,Arsenal,2021-05-02,Sunday,
2020.0,,West Brom,Arsenal,1.0,3.0,Arsenal,2021-05-09,Sunday,
2020.0,,Arsenal,Chelsea,1.0,0.0,Arsenal,2021-05-12,Wednesday,
2020.0,,Arsenal,Crystal Palace,3.0,1.0,Arsenal,2021-05-19,Wednesday,
2020.0,,Brighton,Arsenal,0.0,2.0,Arsenal,2021-05-23,Sunday,
2021.0,,Arsenal,Brentford,0.0,2.0,Brentford,2021-08-13,Friday,
2021.0,,Chelsea,Arsenal,2.0,0.0,Chelsea,2021-08-22,Sunday,
2021.0,,Arsenal,Man City,0.0,5.0,Man City,2021-08-28,Saturday,
2021.0,,Norwich,Arsenal,0.0,1.0,Arsenal,2021-09-11,Saturday,
2021.0,,Arsenal,Burnley,1.0,0.0,Arsenal,2021-09-18,Saturday,
2021.0,,Tottenham,Arsenal,1.0,3.0,Arsenal,2021-09-26,Sunday,
2021.0,,Arsenal,Brighton,0.0,0.0,Draw,2021-10-02,Saturday,
2021.0,,Crystal Palace,Arsenal,2.0,2.0,Draw,2021-10-18,Monday,
2021.0,,Aston Villa,Arsenal,1.0,3.0,Arsenal,2021-10-22,Friday,
2021.0,,Arsenal,Leicester,2.0,0.0,Arsenal,2021-10-30,Saturday,
2021.0,,Watford,Arsenal,0.0,1.0,Arsenal,2021-11-07,Sunday,
2021.0,,Arsenal,Liverpool,0.0,4.0,Liverpool,2021-11-20,Saturday,
2021.0,,Newcastle,Arsenal,0.0,2.0,Arsenal,2021-11-27,Saturday,
2021.0,,Arsenal,Man United,2.0,3.0,Man United,2021-12-02,Thursday,
2021.0,,Arsenal,Everton,1.0,2.0,Everton,2021-12-06,Monday,
2021.0,,Southampton,Arsenal,0.0,3.0,Arsenal,2021-12-11,Saturday,
2021.0,,West Ham,Arsenal,0.0,2.0,Arsenal,2021-12-15,Wednesday,
2021.0,,Arsenal,Leeds,4.0,1.0,Arsenal,2021-12-18,Saturday,
2021.0,,Arsenal,Norwich,5.0,0.0,Arsenal,2021-12-26,Sunday,
2021.0,,Man City,Arsenal,2.0,1.0,Man City,2022-01-01,Saturday,
2021.0,,Burnley,Arsenal,0.0,0.0,Draw,2022-01-23,Sunday,
2021.0,,Arsenal,Wolves,1.0,0.0,Arsenal,2022-02-10,Thursday,
2021.0,,Brentford,Arsenal,1.0,2.0,Arsenal,2022-02-19,Saturday,
2021.0,,Wolves,Arsenal,1.0,2.0,Arsenal,2022-02-24,Thursday,
2021.0,,Arsenal,Watford,3.0,2.0,Arsenal,2022-03-06,Sunday,
2021.0,,Leicester,Arsenal,0.0,2.0,Arsenal,2022-03-13,Sunday,
2021.0,,Liverpool,Arsenal,2.0,0.0,Liverpool,2022-03-16,Wednesday,
2021.0,,Arsenal,Aston Villa,1.0,0.0,Arsenal,2022-03-19,Saturday,
2021.0,,Arsenal,Crystal Palace,0.0,3.0,Crystal Palace,2022-04-04,Monday,
2021.0,,Brighton,Arsenal,2.0,1.0,Brighton,2022-04-09,Saturday,
2021.0,,Arsenal,Southampton,0.0,1.0,Southampton,2022-04-16,Saturday,
2021.0,,Arsenal,Chelsea,4.0,2.0,Arsenal,2022-04-20,Wednesday,
2021.0,,Man United,Arsenal,1.0,3.0,Arsenal,2022-04-23,Saturday,
2021.0,,Arsenal,West Ham,2.0,1.0,Arsenal,2022-05-01,Sunday,
2021.0,,Leeds,Arsenal,1.0,2.0,Arsenal,2022-05-08,Sunday,
2021.0,,Arsenal,Tottenham,0.0,3.0,Tottenham,2022-05-12,Thursday,
2021.0,,Arsenal,Newcastle,0.0,2.0,Newcastle,2022-05-16,Monday,
2021.0,,Everton,Arsenal,1.0,5.0,Arsenal,2022-05-22,Sunday,
2022.0,,Arsenal,Crystal Palace,2.0,0.0,Arsenal,2022-08-05,Friday,
2022.0,,Leicester,Arsenal,2.0,4.0,Arsenal,2022-08-13,Saturday,
2022.0,,Arsenal,Bournemouth,3.0,0.0,Arsenal,2022-08-20,Saturday,
2022.0,,Fulham,Arsenal,1.0,2.0,Arsenal,2022-08-27,Saturday,
2022.0,,Aston Villa,Arsenal,1.0,2.0,Arsenal,2022-08-31,Wednesday,
2022.0,,Arsenal,Man United,1.0,3.0,Man United,2022-09-04,Sunday,
2022.0,,Arsenal,Brentford,3.0,0.0,Arsenal,2022-09-18,Sunday,
2022.0,,Tottenham,Arsenal,1.0,3.0,Arsenal,2022-10-01,Saturday,
2022.0,,Liverpool,Arsenal,2.0,3.0,Arsenal,2022-10-09,Sunday,
2022.0,,Arsenal,Leeds,1.0,0.0,Arsenal,2022-10-16,Sunday,
2022.0,,Arsenal,Southampton,1.0,1.0,Draw,2022-10-23,Sunday,
2022.0,,Nott'm Forest,Arsenal,0.0,5.0,Arsenal,2022-10-30,Sunday,
2022.0,,Arsenal,Chelsea,1.0,0.0,Arsenal,2022-11-06,Sunday,
2022.0,,Arsenal,Wolves,2.0,0.0,Arsenal,2022-11-12,Saturday,
2022.0,,West Ham,Arsenal,1.0,3.0,Arsenal,2022-12-26,Monday,
2022.0,,Arsenal,Brighton,4.0,2.0,Arsenal,2022-12-31,Saturday,
2022.0,,Newcastle,Arsenal,0.0,0.0,Draw,2023-01-03,Tuesday,
2022.0,,Arsenal,Tottenham,2.0,0.0,Arsenal,2023-01-15,Sunday,
2022.0,,Man United,Arsenal,2.0,3.0,Arsenal,2023-01-22,Sunday,
2022.0,,Arsenal,Everton,0.0,1.0,Everton,2023-02-04,Saturday,
2022.0,,Brentford,Arsenal,1.0,1.0,Draw,2023-02-11,Saturday,
2022.0,,Man City,Arsenal,3.0,1.0,Man City,2023-02-15,Wednesday,
2022.0,,Arsenal,Aston Villa,4.0,2.0,Arsenal,2023-02-18,Saturday,
2022.0,,Arsenal,Leicester,1.0,0.0,Arsenal,2023-02-25,Saturday,
2022.0,,Everton,Arsenal,0.0,4.0,Arsenal,2023-03-01,Wednesday,
2022.0,,Bournemouth,Arsenal,2.0,3.0,Arsenal,2023-03-04,Saturday,
2022.0,,Arsenal,Fulham,3.0,0.0,Arsenal,2023-03-12,Sunday,
2022.0,,Crystal Palace,Arsenal,1.0,4.0,Arsenal,2023-03-19,Sunday,
2022.0,,Leeds,Arsenal,1.0,4.0,Arsenal,2023-04-01,Saturday,
2022.0,,Arsenal,Liverpool,2.0,2.0,Draw,2023-04-09,Sunday,
2022.0,,Arsenal,West Ham,2.0,2.0,Draw,2023-04-16,Sunday,
2022.0,,Southampton,Arsenal,3.0,3.0,Draw,2023-04-21,Friday,
2022.0,,Arsenal,Man City,1.0,4.0,Man City,2023-04-26,Wednesday,
2022.0,,Chelsea,Arsenal,1.0,3.0,Arsenal,2023-05-02,Tuesday,
2022.0,,Arsenal,Newcastle,2.0,0.0,Arsenal,2023-05-07,Sunday,
2022.0,,Brighton,Arsenal,3.0,0.0,Brighton,2023-05-14,Sunday,
2022.0,,Arsenal,Nott'm Forest,0.0,1.0,Nott'm Forest,2023-05-20,Saturday,
2022.0,,Wolves,Arsenal,0.0,5.0,Arsenal,2023-05-28,Sunday,
2023.0,,Nott'm Forest,Arsenal,1.0,2.0,Arsenal,2023-08-12,Saturday,
2023.0,,Arsenal,Crystal Palace,1.0,0.0,Arsenal,2023-08-21,Monday,
2023.0,,Fulham,Arsenal,2.0,2.0,Draw,2023-08-26,Saturday,
2023.0,,Man United,Arsenal,1.0,3.0,Arsenal,2023-09-03,Sunday,
2023.0,,Arsenal,Everton,1.0,0.0,Arsenal,2023-09-17,Sunday,
2023.0,,Tottenham,Arsenal,2.0,2.0,Draw,2023-09-24,Sunday,
2023.0,,Arsenal,Bournemouth,4.0,0.0,Arsenal,2023-09-30,Saturday,
2023.0,,Man City,Arsenal,0.0,1.0,Arsenal,2023-10-08,Sunday,
2023.0,,Arsenal,Chelsea,2.0,2.0,Draw,2023-10-21,Saturday,
2023.0,,Sheffield United,Arsenal,0.0,5.0,Arsenal,2023-10-28,Saturday,
2023.0,,Arsenal,Newcastle,0.0,1.0,Newcastle,2023-11-04,Saturday,
2023.0,,Burnley,Arsenal,1.0,3.0,Arsenal,2023-11-11,Saturday,
2023.0,,Arsenal,Brentford,1.0,0.0,Arsenal,2023-11-25,Saturday,
2023.0,,Wolves,Arsenal,1.0,2.0,Arsenal,2023-12-02,Saturday,
2023.0,,Arsenal,Luton,4.0,3.0,Arsenal,2023-12-05,Tuesday,
2023.0,,Arsenal,Aston Villa,0.0,1.0,Aston Villa,2023-12-09,Saturday,
2023.0,,Brighton,Arsenal,0.0,2.0,Arsenal,2023-12-17,Sunday,
2023.0,,Arsenal,Liverpool,1.0,1.0,Draw,2023-12-23,Saturday,
2023.0,,West Ham,Arsenal,2.0,0.0,West Ham,2023-12-28,Thursday,
2023.0,,Arsenal,Fulham,1.0,2.0,Fulham,2023-12-31,Sunday,
2023.0,,Crystal Palace,Arsenal,0.0,5.0,Arsenal,2024-01-20,Saturday,
2023.0,,Arsenal,Nott'm Forest,2.0,1.0,Arsenal,2024-01-30,Tuesday,
2023.0,,Liverpool,Arsenal,1.0,3.0,Arsenal,2024-02-04,Sunday,
2023.0,,Arsenal,West Ham,6.0,0.0,Arsenal,2024-02-11,Sunday,
2023.0,,Arsenal,Burnley,5.0,0.0,Arsenal,2024-02-17,Saturday,
2023.0,,Newcastle,Arsenal,1.0,4.0,Arsenal,2024-02-24,Saturday,
2023.0,,Arsenal,Sheffield United,6.0,0.0,Arsenal,2024-03-04,Monday,
2023.0,,Brentford,Arsenal,1.0,2.0,Arsenal,2024-03-09,Saturday,
2023.0,,Arsenal,Man City,0.0,0.0,Draw,2024-03-31,Sunday,
2023.0,,Luton,Arsenal,0.0,2.0,Arsenal,2024-04-03,Wednesday,
2023.0,,Arsenal,Brighton,3.0,0.0,Arsenal,2024-04-06,Saturday,
2023.0,,Aston Villa,Arsenal,2.0,0.0,Aston Villa,2024-04-14,Sunday,
2023.0,,Arsenal,Wolves,2.0,0.0,Arsenal,2024-04-20,Saturday,
2023.0,,Chelsea,Arsenal,0.0,5.0,Arsenal,2024-04-23,Tuesday,
2023.0,,Arsenal,Tottenham,3.0,2.0,Arsenal,2024-04-28,Sunday,
2023.0,,Bournemouth,Arsenal,0.0,3.0,Arsenal,2024-05-04,Saturday,
2023.0,,Arsenal,Man United,1.0,0.0,Arsenal,2024-05-12,Sunday,
2023.0,,Everton,Arsenal,1.0,2.0,Arsenal,2024-05-19,Sunday,
2024.0,,Wolves,Arsenal,0.0,2.0,Arsenal,2024-08-17,Saturday,
2024.0,,Arsenal,Aston Villa,2.0,0.0,Arsenal,2024-08-24,Saturday,
2024.0,,Brighton,Arsenal,1.0,1.0,Draw,2024-08-31,Saturday,
2024.0,,Arsenal,Tottenham,1.0,0.0,Arsenal,2024-09-15,Sunday,
2024.0,,Arsenal,Man City,2.0,2.0,Draw,2024-09-22,Sunday,
2024.0,,Leicester,Arsenal,2.0,4.0,Arsenal,2024-09-28,Saturday,
2024.0,,Southampton,Arsenal,1.0,3.0,Arsenal,2024-10-05,Saturday,
2024.0,,Arsenal,Bournemouth,0.0,2.0,Bournemouth,2024-10-19,Saturday,
2024.0,,Liverpool,Arsenal,2.0,2.0,Draw,2024-10-27,Sunday,
2024.0,,Arsenal,Newcastle,0.0,1.0,Newcastle,2024-11-02,Saturday,
2024.0,,Arsenal,Chelsea,1.0,1.0,Draw,2024-11-10,Sunday,
2024.0,,Nott'm Forest,Arsenal,0.0,3.0,Arsenal,2024-11-23,Saturday,
2024.0,,Arsenal,West Ham,5.0,2.0,Arsenal,2024-11-30,Saturday,
2024.0,,Man United,Arsenal,0.0,2.0,Arsenal,2024-12-04,Wednesday,
2024.0,,Arsenal,Fulham,1.0,1.0,Draw,2024-12-08,Sunday,
2024.0,,Everton,Arsenal,0.0,0.0,Draw,2024-12-14,Saturday,
2024.0,,Arsenal,Crystal Palace,5.0,1.0,Arsenal,2024-12-21,Saturday,
2024.0,,Ipswich,Arsenal,0.0,1.0,Arsenal,2024-12-27,Friday,
2024.0,,Arsenal,Brentford,3.0,1.0,Arsenal,2025-01-01,Wednesday,
2024.0,,Arsenal,Brighton,1.0,1.0,Draw,2025-01-04,Saturday,
2024.0,,Tottenham,Arsenal,1.0,2.0,Arsenal,2025-01-15,Wednesday,
2024.0,,Aston Villa,Arsenal,2.0,2.0,Draw,2025-01-18,Saturday,
2024.0,,Arsenal,Wolves,1.0,0.0,Arsenal,2025-01-25,Saturday,
2024.0,,Man City,Arsenal,1.0,5.0,Arsenal,2025-02-02,Sunday,
2024.0,,Arsenal,Leicester,2.0,0.0,Arsenal,2025-02-15,Saturday,
2024.0,,West Ham,Arsenal,1.0,0.0,West Ham,2025-02-22,Saturday,
2024.0,,Arsenal,Nott'm Forest,0.0,0.0,Draw,2025-02-26,Wednesday,
2024.0,,Arsenal,Man United,1.0,1.0,Draw,2025-03-09,Sunday,
2024.0,,Chelsea,Arsenal,0.0,1.0,Arsenal,2025-03-16,Sunday,
2024.0,,Fulham,Arsenal,1.0,2.0,Arsenal,2025-04-01,Tuesday,
2024.0,,Arsenal,Everton,1.0,1.0,Draw,2025-04-05,Saturday,
2024.0,,Brentford,Arsenal,1.0,1.0,Draw,2025-04-12,Saturday,
2024.0,,Arsenal,Ipswich,4.0,0.0,Arsenal,2025-04-20,Sunday,
2024.0,,Crystal Palace,Arsenal,2.0,2.0,Draw,2025-04-23,Wednesday,
2024.0,,Bournemouth,Arsenal,2.0,1.0,Bournemouth,2025-05-03,Saturday,
2021.0,1.0,GB,NO,3.0,38.0,NO,2021-09-12,Sunday,9
2021.0,2.0,DET,GB,17.0,35.0,GB,2021-09-20,Monday,9
2021.0,3.0,GB,SF,30.0,28.0,GB,2021-09-26,Sunday,9
2021.0,4.0,PIT,GB,17.0,27.0,GB,2021-10-03,Sunday,10
2021.0,5.0,GB,CIN,25.0,22.0,GB,2021-10-10,Sunday,10
2021.0,6.0,GB,CHI,24.0,14.0,GB,2021-10-17,Sunday,10
2021.0,7.0,WAS,GB,10.0,24.0,GB,2021-10-24,Sunday,10
2021.0,8.0,GB,ARI,24.0,21.0,GB,2021-10-28,Thursday,10
2021.0,9.0,GB,KC,7.0,13.0,KC,2021-11-07,Sunday,11
2021.0,10.0,SEA,GB,0.0,17.0,GB,2021-11-14,Sunday,11
2021.0,11.0,GB,MIN,31.0,34.0,MIN,2021-11-21,Sunday,11
2021.0,12.0,LA,GB,28.0,36.0,GB,2021-11-28,Sunday,11
2021.0,14.0,CHI,GB,30.0,45.0,GB,2021-12-12,Sunday,12
2021.0,15.0,GB,BAL,31.0,30.0,GB,2021-12-19,Sunday,12
2021.0,16.0,CLE,GB,22.0,24.0,GB,2021-12-25,Saturday,12
2021.0,17.0,MIN,GB,10.0,37.0,GB,2022-01-02,Sunday,1
2021.0,18.0,GB,DET,30.0,37.0,DET,2022-01-09,Sunday,1
2021.0,20.0,SF,GB,13.0,10.0,SF,2022-01-22,Saturday,1
2022.0,1.0,GB,MIN,7.0,23.0,MIN,2022-09-11,Sunday,9
2022.0,2.0,CHI,GB,10.0,27.0,GB,2022-09-18,Sunday,9
2022.0,3.0,GB,TB,14.0,12.0,GB,2022-09-25,Sunday,9
2022.0,4.0,NE,GB,24.0,27.0,GB,2022-10-02,Sunday,10
2022.0,5.0,NYG,GB,27.0,22.0,NYG,2022-10-09,Sunday,10
2022.0,6.0,NYJ,GB,27.0,10.0,NYJ,2022-10-16,Sunday,10
2022.0,7.0,GB,WAS,21.0,23.0,WAS,2022-10-23,Sunday,10
2022.0,8.0,GB,BUF,17.0,27.0,BUF,2022-10-30,Sunday,10
2022.0,9.0,GB,DET,9.0,15.0,DET,2022-11-06,Sunday,11
2022.0,10.0,DAL,GB,28.0,31.0,GB,2022-11-13,Sunday,11
2022.0,11.0,TEN,GB,27.0,17.0,TEN,2022-11-17,Thursday,11
2022.0,12.0,GB,PHI,33.0,40.0,PHI,2022-11-27,Sunday,11
2022.0,13.0,GB,CHI,28.0,19.0,GB,2022-12-04,Sunday,12
2022.0,15.0,LA,GB,12.0,24.0,GB,2022-12-19,Monday,12
2022.0,16.0,GB,MIA,26.0,20.0,GB,2022-12-25,Sunday,12
2022.0,17.0,MIN,GB,17.0,41.0,GB,2023-01-01,Sunday,1
2022.0,18.0,DET,GB,20.0,16.0,DET,2023-01-08,Sunday,1
2023.0,1.0,GB,CHI,38.0,20.0,GB,2023-09-10,Sunday,9
2023.0,2.0,GB,ATL,24.0,25.0,ATL,2023-09-17,Sunday,9
2023.0,3.0,NO,GB,17.0,18.0,GB,2023-09-24,Sunday,9
2023.0,4.0,DET,GB,34.0,20.0,DET,2023-09-28,Thursday,9
2023.0,5.0,GB,LV,13.0,17.0,LV,2023-10-09,Monday,10
2023.0,7.0,GB,DEN,17.0,19.0,DEN,2023-10-22,Sunday,10
2023.0,8.0,MIN,GB,24.0,10.0,MIN,2023-10-29,Sunday,10
2023.0,9.0,LA,GB,3.0,20.0,GB,2023-11-05,Sunday,11
2023.0,10.0,GB,PIT,19.0,23.0,PIT,2023-11-12,Sunday,11
2023.0,11.0,LAC,GB,20.0,23.0,GB,2023-11-19,Sunday,11
2023.0,12.0,GB,DET,29.0,22.0,GB,2023-11-23,Thursday,11
2023.0,13.0,KC,GB,19.0,27.0,GB,2023-12-03,Sunday,12
2023.0,14.0,GB,NYG,22.0,24.0,NYG,2023-12-11,Monday,12
2023.0,15.0,TB,GB,34.0,20.0,TB,2023-12-17,Sunday,12
2023.0,16.0,GB,CAR,33.0,30.0,GB,2023-12-24,Sunday,12
2023.0,17.0,GB,MIN,33.0,10.0,GB,2023-12-31,Sunday,12
2023.0,18.0,CHI,GB,9.0,17.0,GB,2024-01-07,Sunday,1
2023.0,19.0,GB,DAL,48.0,32.0,GB,2024-01-14,Sunday,1
2023.0,20.0,GB,SF,21.0,24.0,SF,2024-01-20,Saturday,1
2024.0,1.0,GB,PHI,29.0,34.0,PHI,2024-09-06,Friday,9
2024.0,2.0,IND,GB,10.0,16.0,GB,2024-09-15,Sunday,9
2024.0,3.0,GB,TEN,30.0,14.0,GB,2024-09-22,Sunday,9
2024.0,4.0,MIN,GB,31.0,29.0,MIN,2024-09-29,Sunday,9
2024.0,5.0,GB,LA,24.0,19.0,GB,2024-10-06,Sunday,10
2024.0,6.0,ARI,GB,13.0,34.0,GB,2024-10-13,Sunday,10
2024.0,7.0,HOU,GB,22.0,24.0,GB,2024-10-20,Sunday,10
2024.0,8.0,GB,JAX,30.0,27.0,GB,2024-10-27,Sunday,10
2024.0,9.0,DET,GB,24.0,14.0,DET,2024-11-03,Sunday,11
2024.0,11.0,GB,CHI,20.0,19.0,GB,2024-11-17,Sunday,11
2024.0,12.0,SF,GB,10.0,38.0,GB,2024-11-24,Sunday,11
2024.0,13.0,MIA,GB,17.0,30.0,GB,2024-11-28,Thursday,11
2024.0,14.0,GB,DET,31.0,34.0,DET,2024-12-05,Thursday,12
2024.0,15.0,GB,SEA,30.0,13.0,GB,2024-12-15,Sunday,12
2024.0,16.0,NO,GB,0.0,34.0,GB,2024-12-23,Monday,12
2024.0,17.0,GB,MIN,25.0,27.0,MIN,2024-12-29,Sunday,12
2024.0,18.0,CHI,GB,24.0,22.0,CHI,2025-01-05,Sunday,1
2024.0,19.0,GB,PHI,10.0,22.0,PHI,2025-01-12,Sunday,1
2025.0,1.0,DET,GB,13.0,27.0,GB,2025-09-07,Sunday,9
2025.0,2.0,WAS,GB,18.0,27.0,GB,2025-09-11,Thursday,9
2025.0,3.0,GB,CLE,10.0,13.0,CLE,2025-09-21,Sunday,9
2025.0,4.0,GB,DAL,40.0,40.0,Tie,2025-09-28,Sunday,9
2025.0,6.0,CIN,GB,18.0,27.0,GB,2025-10-12,Sunday,10
2025.0,7.0,GB,ARI,27.0,23.0,GB,2025-10-19,Sunday,10
2025.0,8.0,GB,PIT,35.0,25.0,GB,2025-10-26,Sunday,10
2025.0,9.0,CAR,GB,16.0,13.0,CAR,2025-11-02,Sunday,11
2025.0,10.0,PHI,GB,10.0,7.0,PHI,2025-11-10,Monday,11
2025.0,11.0,GB,NYG,27.0,20.0,GB,2025-11-16,Sunday,11
2025.0,12.0,MIN,GB,,,Tie,2025-11-23,Sunday,11
2025.0,13.0,GB,DET,,,Tie,2025-11-27,Thursday,11
2025.0,14.0,CHI,GB,,,Tie,2025-12-07,Sunday,12
2025.0,15.0,GB,DEN,,,Tie,2025-12-14,Sunday,12
2025.0,16.0,GB,CHI,,,Tie,2025-12-19,Friday,12
2025.0,17.0,BAL,GB,,,Tie,2025-12-28,Sunday,12
2025.0,18.0,GB,MIN,,,Tie,2026-01-04,Sunday,1
2020.0,8.0,Iowa,Purdue,20.0,24.0,Purdue,2020-10-24,Saturday,10
2020.0,9.0,Northwestern,Iowa,21.0,20.0,Northwestern,2020-10-31,Saturday,10
2020.0,10.0,Michigan State,Iowa,7.0,49.0,Iowa,2020-11-07,Saturday,11
2020.0,11.0,Iowa,Minnesota,35.0,7.0,Iowa,2020-11-13,Friday,11
2020.0,12.0,Iowa,Penn State,41.0,21.0,Iowa,2020-11-21,Saturday,11
2020.0,13.0,Nebraska,Iowa,20.0,26.0,Iowa,2020-11-27,Friday,11
2020.0,14.0,Iowa,Illinois,35.0,21.0,Iowa,2020-12-05,Saturday,12
2020.0,15.0,Wisconsin,Iowa,7.0,28.0,Iowa,2020-12-12,Saturday,12
2021.0,1.0,Indiana,Iowa,6.0,34.0,Iowa,2021-09-04,Saturday,9
2021.0,2.0,Iowa,Iowa State,27.0,17.0,Iowa,2021-09-11,Saturday,9
2021.0,3.0,Kent State,Iowa,7.0,30.0,Iowa,2021-09-18,Saturday,9
2021.0,4.0,Colorado State,Iowa,14.0,24.0,Iowa,2021-09-25,Saturday,9
2021.0,5.0,Iowa,Maryland,51.0,14.0,Iowa,2021-10-01,Friday,10
2021.0,6.0,Penn State,Iowa,20.0,23.0,Iowa,2021-10-09,Saturday,10
2021.0,7.0,Purdue,Iowa,24.0,7.0,Purdue,2021-10-16,Saturday,10
2021.0,9.0,Iowa,Wisconsin,7.0,27.0,Wisconsin,2021-10-30,Saturday,10
2021.0,10.0,Iowa,Northwestern,17.0,12.0,Iowa,2021-11-06,Saturday,11
2021.0,11.0,Minnesota,Iowa,22.0,27.0,Iowa,2021-11-13,Saturday,11
2021.0,12.0,Illinois,Iowa,23.0,33.0,Iowa,2021-11-20,Saturday,11
2021.0,13.0,Iowa,Nebraska,28.0,21.0,Iowa,2021-11-26,Friday,11
2021.0,14.0,Michigan,Iowa,42.0,3.0,Michigan,2021-12-04,Saturday,12
2021.0,1.0,Iowa,Kentucky,17.0,20.0,Kentucky,2022-01-01,Saturday,1
2022.0,1.0,South Dakota State,Iowa,3.0,7.0,Iowa,2022-09-03,Saturday,9
2022.0,2.0,Iowa State,Iowa,10.0,7.0,Iowa State,2022-09-10,Saturday,9
2022.0,3.0,Nevada,Iowa,0.0,27.0,Iowa,2022-09-17,Saturday,9
2022.0,4.0,Iowa,Rutgers,27.0,10.0,Iowa,2022-09-24,Saturday,9
2022.0,5.0,Michigan,Iowa,27.0,14.0,Michigan,2022-10-01,Saturday,10
2022.0,6.0,Iowa,Illinois,6.0,9.0,Illinois,2022-10-08,Saturday,10
2022.0,8.0,Iowa,Ohio State,10.0,54.0,Ohio State,2022-10-22,Saturday,10
2022.0,9.0,Northwestern,Iowa,13.0,33.0,Iowa,2022-10-29,Saturday,10
2022.0,10.0,Iowa,Purdue,24.0,3.0,Iowa,2022-11-05,Saturday,11
2022.0,11.0,Wisconsin,Iowa,10.0,24.0,Iowa,2022-11-12,Saturday,11
2022.0,12.0,Iowa,Minnesota,13.0,10.0,Iowa,2022-11-19,Saturday,11
2022.0,13.0,Nebraska,Iowa,24.0,17.0,Nebraska,2022-11-25,Friday,11
2022.0,1.0,Iowa,Kentucky,21.0,0.0,Iowa,2022-12-31,Saturday,12
2023.0,1.0,Utah State,Iowa,14.0,24.0,Iowa,2023-09-02,Saturday,9
2023.0,2.0,Iowa,Iowa State,20.0,13.0,Iowa,2023-09-09,Saturday,9
2023.0,3.0,Western Michigan,Iowa,10.0,41.0,Iowa,2023-09-16,Saturday,9
2023.0,4.0,Iowa,Penn State,0.0,31.0,Penn State,2023-09-23,Saturday,9
2023.0,5.0,Michigan State,Iowa,16.0,26.0,Iowa,2023-09-30,Saturday,9
2023.0,6.0,Purdue,Iowa,14.0,20.0,Iowa,2023-10-07,Saturday,10
2023.0,7.0,Iowa,Wisconsin,15.0,6.0,Iowa,2023-10-14,Saturday,10
2023.0,8.0,Minnesota,Iowa,12.0,10.0,Minnesota,2023-10-21,Saturday,10
2023.0,10.0,Iowa,Northwestern,10.0,7.0,Iowa,2023-11-04,Saturday,11
2023.0,11.0,Rutgers,Iowa,0.0,22.0,Iowa,2023-11-11,Saturday,11
2023.0,12.0,Illinois,Iowa,13.0,15.0,Iowa,2023-11-18,Saturday,11
2023.0,13.0,Iowa,Nebraska,13.0,10.0,Iowa,2023-11-24,Friday,11
2023.0,14.0,Michigan,Iowa,26.0,0.0,Michigan,2023-12-02,Saturday,12
2023.0,1.0,Iowa,Tennessee,0.0,35.0,Tennessee,2024-01-01,Monday,1
2024.0,1.0,Illinois State,Iowa,0.0,40.0,Iowa,2024-08-31,Saturday,8
2024.0,2.0,Iowa State,Iowa,20.0,19.0,Iowa State,2024-09-07,Saturday,9
2024.0,3.0,Troy,Iowa,21.0,38.0,Iowa,2024-09-14,Saturday,9
2024.0,4.0,Iowa,Minnesota,31.0,14.0,Iowa,2024-09-21,Saturday,9
2024.0,6.0,Iowa,Ohio State,7.0,35.0,Ohio State,2024-10-05,Saturday,10
2024.0,7.0,Washington,Iowa,16.0,40.0,Iowa,2024-10-12,Saturday,10
2024.0,8.0,Iowa,Michigan State,20.0,32.0,Michigan State,2024-10-19,Saturday,10
2024.0,9.0,Northwestern,Iowa,14.0,40.0,Iowa,2024-10-26,Saturday,10
2024.0,10.0,Wisconsin,Iowa,10.0,42.0,Iowa,2024-11-02,Saturday,11
2024.0,11.0,Iowa,UCLA,17.0,20.0,UCLA,2024-11-08,Friday,11
2024.0,13.0,Iowa,Maryland,29.0,13.0,Iowa,2024-11-23,Saturday,11
2024.0,14.0,Nebraska,Iowa,10.0,13.0,Iowa,2024-11-29,Friday,11
2024.0,1.0,Iowa,Missouri,24.0,27.0,Missouri,2024-12-30,Monday,12
2025.0,1.0,UAlbany,Iowa,7.0,34.0,Iowa,2025-08-30,Saturday,8
2025.0,2.0,Iowa,Iowa State,13.0,16.0,Iowa State,2025-09-06,Saturday,9
2025.0,3.0,Massachusetts,Iowa,7.0,47.0,Iowa,2025-09-13,Saturday,9
2025.0,4.0,Iowa,Rutgers,38.0,28.0,Iowa,2025-09-19,Friday,9
2025.0,5.0,Indiana,Iowa,20.0,15.0,Indiana,2025-09-27,Saturday,9
2025.0,7.0,Iowa,Wisconsin,37.0,0.0,Iowa,2025-10-11,Saturday,10
2025.0,8.0,Penn State,Iowa,24.0,25.0,Iowa,2025-10-18,Saturday,10
2025.0,9.0,Minnesota,Iowa,3.0,41.0,Iowa,2025-10-25,Saturday,10
2025.0,11.0,Oregon,Iowa,18.0,16.0,Oregon,2025-11-08,Saturday,11
2025.0,12.0,Iowa,USC,,,Tie,2025-11-15,Saturday,11
2025.0,13.0,Michigan State,Iowa,,,Tie,2025-11-21,Friday,11
2025.0,14.0,Iowa,Nebraska,,,Tie,2025-11-28,Friday,11
